s,C,C,C,C,C,C,C,C,C,C,C,C,C,C,C,C,C,C,C,C,C,C,C,C
Time,"TEMP_0","TEMP_1","TEMP_2","TEMP_3","TEMP_4","TEMP_5","TEMP_6","TEMP_7","TEMP_8","TEMP_9","TEMP_10","TEMP_11","TEMP_12","TEMP_13","TEMP_14","TEMP_15","TEMP_16","TEMP_17","TEMP_18","TEMP_19","TEMP_20","TEMP_21","TEMP_22","TEMP_23"
 0.0000000E+000, 2.0000000E+001, 2.0000000E+001, 2.0000000E+001, 2.0000000E+001, 2.0000000E+001, 2.0000000E+001, 2.0000000E+001, 2.0000000E+001, 2.0000000E+001, 2.0000000E+001, 2.0000000E+001, 2.0000000E+001, 2.0000000E+001, 2.0000000E+001, 2.0000000E+001, 2.0000000E+001, 2.0000000E+001, 2.0000000E+001, 2.0000000E+001, 2.0000000E+001, 2.0000000E+001, 2.0000000E+001, 2.0000000E+001, 2.0000000E+001
 5.1136234E+000, 2.0080416E+001, 2.0081507E+001, 2.0080457E+001, 2.0080648E+001, 2.0081481E+001, 4.9352311E+001, 2.0081430E+001, 2.0081313E+001, 2.0080611E+001, 2.0080655E+001, 2.0082374E+001, 4.9318638E+001, 2.0080563E+001, 2.0081423E+001, 4.9470505E+001, 2.0081435E+001, 2.0080629E+001, 2.0080612E+001, 2.0080572E+001, 2.0080637E+001, 2.0080437E+001, 2.0080436E+001, 2.0080451E+001, 2.0080603E+001
 1.0019249E+001, 2.0661689E+001, 2.0716597E+001, 2.0660643E+001, 2.0667834E+001, 2.0717783E+001, 1.0333863E+002, 2.0719232E+001, 2.0716738E+001, 2.0662448E+001, 2.0675569E+001, 2.0770402E+001, 9.8070682E+001, 2.0667594E+001, 2.0720853E+001, 9.8551509E+001, 2.0720266E+001, 2.0662650E+001, 2.0665930E+001, 2.0765021E+001, 2.0672689E+001, 2.0664631E+001, 2.0662710E+001, 2.0662526E+001, 2.0668137E+001
 1.5177013E+001, 2.1775083E+001, 2.2277360E+001, 2.1765860E+001, 2.1648546E+001, 2.2865532E+001, 1.5975748E+002, 2.2840660E+001, 2.2287503E+001, 2.1784817E+001, 2.2818167E+001, 2.4845307E+001, 1.4476812E+002, 2.1800325E+001, 2.2555651E+001, 1.2647214E+002, 2.3007695E+001, 2.1791601E+001, 2.2582918E+001, 2.5305980E+001, 2.4455727E+001, 2.2113849E+001, 2.2023292E+001, 2.2172207E+001, 2.3128812E+001
 2.0060256E+001, 2.3329096E+001, 2.4449793E+001, 2.3439369E+001, 1.9809520E+001, 2.5463544E+001, 2.1989973E+002, 2.9204849E+001, 2.3954575E+001, 2.3646502E+001, 2.6756617E+001, 3.3297039E+001, 1.8979001E+002, 2.3478129E+001, 2.5125686E+001, 1.9339183E+002, 2.5547885E+001, 2.3009866E+001, 2.9146382E+001, 2.6357940E+001, 3.2996274E+001, 2.6506293E+001, 2.4766203E+001, 2.6849074E+001, 3.0869588E+001
 2.5138829E+001, 2.6283558E+001, 2.7193114E+001, 2.6632824E+001, 2.0784581E+001, 2.8904474E+001, 2.9180186E+002, 3.2025670E+001, 2.7497608E+001, 2.6039290E+001, 2.8512806E+001, 4.2209196E+001, 2.6837353E+002, 2.6062018E+001, 2.9281164E+001, 2.4146503E+002, 3.0813354E+001, 2.5177751E+001, 3.0709672E+001, 2.9240705E+001, 3.1327760E+001, 3.0008668E+001, 2.6133888E+001, 3.0543400E+001, 3.1687640E+001
 3.0113022E+001, 3.0345600E+001, 3.1603758E+001, 2.9826072E+001, 2.4826318E+001, 3.6042962E+001, 3.6349813E+002, 3.5712197E+001, 3.4808522E+001, 2.8642527E+001, 3.1657066E+001, 5.4970170E+001, 3.0957422E+002, 2.9844007E+001, 3.8662906E+001, 3.3381349E+002, 4.0411260E+001, 2.7388975E+001, 3.1114424E+001, 3.5484321E+001, 3.4391285E+001, 3.1717165E+001, 2.8844885E+001, 3.2903137E+001, 3.4425386E+001
 3.5111362E+001, 3.4310157E+001, 4.0687924E+001, 3.2289310E+001, 2.6616724E+001, 4.8028944E+001, 4.0334485E+002, 4.4807234E+001, 4.6813587E+001, 3.3464163E+001, 3.8857606E+001, 7.0840637E+001, 3.2732752E+002, 3.3183158E+001, 5.2700821E+001, 3.9645007E+002, 4.7047003E+001, 2.9849358E+001, 3.3607294E+001, 4.0608245E+001, 3.8965617E+001, 3.4000766E+001, 3.1820635E+001, 3.5595089E+001, 3.8150502E+001
 4.0130394E+001, 3.8688950E+001, 5.3978310E+001, 3.5217108E+001, 2.7416809E+001, 5.9483942E+001, 3.4412598E+002, 6.0518307E+001, 6.4403980E+001, 3.7869842E+001, 4.7045106E+001, 9.1894761E+001, 3.6099968E+002, 3.6862575E+001, 6.7116641E+001, 3.5037594E+002, 5.7883572E+001, 3.3015847E+001, 3.5639469E+001, 4.3548263E+001, 4.3005802E+001, 3.5051647E+001, 3.4755305E+001, 3.8539515E+001, 4.0567587E+001
 4.5138418E+001, 4.2044551E+001, 6.6154133E+001, 3.6858179E+001, 2.9953499E+001, 7.3865213E+001, 2.9218039E+002, 7.3994388E+001, 7.7314838E+001, 4.1151811E+001, 5.4995023E+001, 1.1716530E+002, 3.2497555E+002, 4.0704353E+001, 8.0893172E+001, 3.9756995E+002, 8.0184830E+001, 3.5538384E+001, 3.7189405E+001, 4.5047351E+001, 4.5079250E+001, 3.8364371E+001, 3.7163847E+001, 4.0530181E+001, 4.2323918E+001
 5.0124225E+001, 4.4841474E+001, 7.5197889E+001, 3.9508077E+001, 3.7712819E+001, 8.3833144E+001, 3.1811711E+002, 7.8144830E+001, 9.8245042E+001, 4.5288895E+001, 6.4920371E+001, 1.4379528E+002, 4.5697683E+002, 4.4516705E+001, 9.4550792E+001, 3.9117231E+002, 8.8364611E+001, 3.7403100E+001, 3.8851959E+001, 4.5890532E+001, 4.6719903E+001, 3.9153353E+001, 3.8465255E+001, 4.1618962E+001, 4.4043983E+001
 5.5029661E+001, 4.8506223E+001, 8.4752205E+001, 4.9090858E+001, 4.5932493E+001, 9.6077778E+001, 3.8320855E+002, 9.3348420E+001, 1.1394412E+002, 5.1108707E+001, 7.2509428E+001, 1.6163218E+002, 4.4146695E+002, 4.8422039E+001, 9.7587848E+001, 4.3843492E+002, 1.0422978E+002, 4.0228056E+001, 4.0294804E+001, 4.5088216E+001, 4.7448214E+001, 3.8744124E+001, 3.9101110E+001, 4.2815451E+001, 4.5267044E+001
 6.0048300E+001, 5.2714630E+001, 9.3535389E+001, 5.4637128E+001, 5.1879793E+001, 1.0315572E+002, 4.2689260E+002, 1.0523436E+002, 1.2318284E+002, 5.8708952E+001, 7.8792784E+001, 1.7332391E+002, 4.5610020E+002, 5.4251535E+001, 1.1200851E+002, 4.4238511E+002, 1.2325414E+002, 4.2124065E+001, 4.1746608E+001, 4.5415260E+001, 4.4657371E+001, 3.9404063E+001, 4.0101890E+001, 4.3241140E+001, 4.5915242E+001
 6.5134442E+001, 5.4365035E+001, 9.7682456E+001, 6.3077275E+001, 5.7269625E+001, 1.1165106E+002, 3.9663742E+002, 1.1004087E+002, 1.2762152E+002, 6.6178746E+001, 9.0827174E+001, 1.7552440E+002, 4.1188429E+002, 5.9876610E+001, 1.3638998E+002, 4.7876023E+002, 1.3119526E+002, 4.3668182E+001, 4.1391242E+001, 4.5680034E+001, 4.1815044E+001, 4.0234976E+001, 4.0890111E+001, 4.1836809E+001, 4.4827504E+001
 7.0170500E+001, 5.9741656E+001, 9.7377444E+001, 7.0830444E+001, 6.1330558E+001, 1.1763326E+002, 4.0201746E+002, 1.1666817E+002, 1.3509725E+002, 7.2265442E+001, 9.8530932E+001, 1.9155130E+002, 4.7860572E+002, 6.7239725E+001, 1.4065415E+002, 4.9160639E+002, 1.4181318E+002, 4.5070058E+001, 4.0946348E+001, 4.4147148E+001, 4.4826254E+001, 4.1075212E+001, 4.1409711E+001, 4.2062581E+001, 4.3104886E+001
 7.5038982E+001, 6.5254060E+001, 1.0121620E+002, 7.8913947E+001, 6.7349018E+001, 1.1834812E+002, 4.2000570E+002, 1.2605099E+002, 1.5032473E+002, 7.6005305E+001, 1.0301492E+002, 1.8789173E+002, 5.0189249E+002, 7.2743214E+001, 1.3804441E+002, 4.9091905E+002, 1.5127111E+002, 4.5854030E+001, 4.1432507E+001, 4.4426377E+001, 4.6823443E+001, 4.2328665E+001, 4.1897352E+001, 4.3714282E+001, 4.3591443E+001
 8.0132626E+001, 6.6967283E+001, 1.1363069E+002, 8.6395905E+001, 7.3083041E+001, 1.2998854E+002, 4.3891353E+002, 1.3619831E+002, 1.5070579E+002, 8.1225977E+001, 1.0300955E+002, 1.8449140E+002, 4.9052691E+002, 7.8097040E+001, 1.3714461E+002, 5.5224469E+002, 1.5896276E+002, 4.9043671E+001, 4.2266442E+001, 4.4846551E+001, 4.6940216E+001, 4.4145546E+001, 4.2249134E+001, 4.4212930E+001, 4.4078388E+001
 8.5117576E+001, 7.4178689E+001, 1.1844754E+002, 9.1013582E+001, 7.6967690E+001, 1.3673071E+002, 4.2229537E+002, 1.4204811E+002, 1.4933215E+002, 8.6200700E+001, 1.0403733E+002, 1.9250397E+002, 4.7559783E+002, 8.3111790E+001, 1.3760621E+002, 4.5062754E+002, 1.6730820E+002, 5.2032420E+001, 4.1928166E+001, 4.4731681E+001, 4.5316161E+001, 4.3919561E+001, 4.2435023E+001, 4.3959993E+001, 4.2107728E+001
 9.0097190E+001, 7.7243789E+001, 1.2554311E+002, 9.6676827E+001, 8.2353118E+001, 1.3691363E+002, 4.0009766E+002, 1.4626297E+002, 1.6290388E+002, 8.8349971E+001, 1.0897990E+002, 1.8750890E+002, 4.6330443E+002, 8.5471499E+001, 1.4236092E+002, 4.7620352E+002, 1.6802375E+002, 5.2038429E+001, 4.0072710E+001, 4.4094173E+001, 4.4175030E+001, 4.2238068E+001, 4.2266496E+001, 4.4019228E+001, 4.2553467E+001
 9.5066646E+001, 8.1905997E+001, 1.3141945E+002, 1.0135968E+002, 8.9141781E+001, 1.3592584E+002, 4.4731816E+002, 1.4394526E+002, 1.6270691E+002, 9.0559027E+001, 1.1571134E+002, 1.9847716E+002, 4.2203255E+002, 8.9747031E+001, 1.4280497E+002, 4.6394846E+002, 1.7117607E+002, 5.3915222E+001, 4.0340937E+001, 4.3476196E+001, 4.5094245E+001, 4.2216329E+001, 4.1719121E+001, 4.4081658E+001, 4.3113506E+001
 1.0014370E+002, 8.3011824E+001, 1.3684005E+002, 1.0959726E+002, 9.3850909E+001, 1.2760774E+002, 4.5490734E+002, 1.5316795E+002, 1.5795862E+002, 9.1658913E+001, 1.1891398E+002, 2.1218551E+002, 4.3168180E+002, 8.8547386E+001, 1.5512898E+002, 4.8691345E+002, 1.8239153E+002, 5.6289754E+001, 4.1277346E+001, 4.2287803E+001, 4.4488565E+001, 4.2430260E+001, 4.1633056E+001, 4.4119852E+001, 4.3186881E+001
 1.0503875E+002, 8.5038086E+001, 1.3874685E+002, 1.1242955E+002, 9.3975860E+001, 1.4304817E+002, 4.7254645E+002, 1.6168076E+002, 1.5421031E+002, 9.4579708E+001, 1.1649779E+002, 2.1031664E+002, 4.4656316E+002, 8.8628305E+001, 1.6529688E+002, 4.7071143E+002, 1.8208809E+002, 5.6992223E+001, 4.1619206E+001, 4.1864623E+001, 4.0362365E+001, 4.2485631E+001, 4.1535140E+001, 4.2779063E+001, 4.1820877E+001
 1.1013805E+002, 8.5763026E+001, 1.3990858E+002, 1.1266597E+002, 9.5502610E+001, 1.4203211E+002, 4.9610220E+002, 1.5894116E+002, 1.5426729E+002, 9.7863081E+001, 1.1785852E+002, 1.9981659E+002, 4.5614388E+002, 9.1757709E+001, 1.6680714E+002, 4.6927327E+002, 1.8154796E+002, 5.7762399E+001, 4.1574786E+001, 4.2413563E+001, 4.0163027E+001, 4.2445053E+001, 4.1147257E+001, 4.0737927E+001, 3.9880601E+001
 1.1515310E+002, 9.0383111E+001, 1.4383608E+002, 1.1377748E+002, 1.0034540E+002, 1.4160753E+002, 4.6870144E+002, 1.5451595E+002, 1.7013685E+002, 1.0000489E+002, 1.2454357E+002, 2.0497873E+002, 4.6331578E+002, 9.4674288E+001, 1.6555700E+002, 4.9403092E+002, 1.8209959E+002, 5.8248371E+001, 4.1314308E+001, 4.2546497E+001, 4.1111888E+001, 4.3131757E+001, 4.0995394E+001, 4.1170285E+001, 4.0392091E+001
 1.2002756E+002, 9.4132941E+001, 1.5078919E+002, 1.1712027E+002, 1.0306692E+002, 1.4286921E+002, 4.1568619E+002, 1.5741579E+002, 1.6926270E+002, 1.0036292E+002, 1.2758650E+002, 2.0585811E+002, 4.7669655E+002, 9.5140583E+001, 1.6223303E+002, 4.8857728E+002, 1.9009393E+002, 5.7677577E+001, 4.1086789E+001, 4.2011863E+001, 4.1126824E+001, 4.2935667E+001, 4.0903479E+001, 4.1183043E+001, 4.0663089E+001
 1.2500181E+002, 9.8012454E+001, 1.4845918E+002, 1.1726000E+002, 1.0333044E+002, 1.4762237E+002, 4.2811957E+002, 1.5941700E+002, 1.6873422E+002, 1.0126955E+002, 1.2662465E+002, 2.0282409E+002, 4.4286410E+002, 9.6712515E+001, 1.6291648E+002, 4.9859375E+002, 1.9355744E+002, 5.7918280E+001, 4.0630831E+001, 4.1266593E+001, 4.0430006E+001, 4.3473842E+001, 4.0548808E+001, 4.0392923E+001, 4.0074116E+001
 1.3014543E+002, 1.0101558E+002, 1.5197502E+002, 1.1737536E+002, 1.0388125E+002, 1.4382216E+002, 4.3451078E+002, 1.6102690E+002, 1.6639240E+002, 1.0293647E+002, 1.2528048E+002, 2.0827977E+002, 4.4963809E+002, 9.5302767E+001, 1.6493631E+002, 4.9416788E+002, 1.9738209E+002, 6.1304540E+001, 4.0131481E+001, 4.0495147E+001, 3.9814029E+001, 4.4480088E+001, 4.0081683E+001, 4.0232626E+001, 3.9542816E+001
 1.3512832E+002, 9.8095782E+001, 1.6296161E+002, 1.2246364E+002, 1.0536623E+002, 1.3983397E+002, 4.4172367E+002, 1.6569970E+002, 1.6694954E+002, 1.0534042E+002, 1.2416307E+002, 2.0552075E+002, 4.6985483E+002, 9.2298080E+001, 1.6732687E+002, 4.9841274E+002, 1.9518148E+002, 6.3982750E+001, 3.9609824E+001, 3.9703403E+001, 3.9163798E+001, 4.4714689E+001, 3.9434075E+001, 4.0344296E+001, 3.9404426E+001
 1.4011121E+002, 9.7482116E+001, 1.5596019E+002, 1.2395743E+002, 1.0447258E+002, 1.4965043E+002, 4.5855929E+002, 1.6716135E+002, 1.6877037E+002, 1.0657636E+002, 1.2786835E+002, 2.0196583E+002, 4.4000140E+002, 9.3657252E+001, 1.6731489E+002, 4.8289383E+002, 1.9474584E+002, 6.2746146E+001, 3.8457442E+001, 3.8328880E+001, 3.8726931E+001, 4.4326786E+001, 3.9143585E+001, 3.9994359E+001, 3.8808272E+001
 1.4500695E+002, 9.6456032E+001, 1.5385194E+002, 1.2566243E+002, 1.0452567E+002, 1.4399808E+002, 4.4270315E+002, 1.6428759E+002, 1.7112119E+002, 1.0524001E+002, 1.2725307E+002, 2.0687621E+002, 4.5455477E+002, 9.3637610E+001, 1.6302965E+002, 4.5227239E+002, 1.9330438E+002, 6.1147800E+001, 3.8014198E+001, 3.7897022E+001, 3.8626602E+001, 4.4282396E+001, 3.8602750E+001, 3.9779233E+001, 3.8426260E+001
 1.5013335E+002, 9.8688576E+001, 1.5464315E+002, 1.2730776E+002, 1.0243899E+002, 1.5565906E+002, 4.7541881E+002, 1.6580930E+002, 1.7024380E+002, 1.0593862E+002, 1.2646497E+002, 2.1117375E+002, 4.5385557E+002, 9.4288966E+001, 1.6066179E+002, 5.0882935E+002, 1.9449624E+002, 6.1746314E+001, 3.8165140E+001, 3.7934067E+001, 3.8459437E+001, 4.5380127E+001, 3.8455372E+001, 3.9661146E+001, 3.8500489E+001
 1.5505841E+002, 1.0131275E+002, 1.5595712E+002, 1.2818777E+002, 1.0532447E+002, 1.5113450E+002, 4.6281099E+002, 1.6461460E+002, 1.7217291E+002, 1.0734628E+002, 1.2501284E+002, 2.1608233E+002, 4.6419491E+002, 9.3518350E+001, 1.6328447E+002, 4.4272812E+002, 1.9807397E+002, 6.2691643E+001, 3.8211192E+001, 3.7878795E+001, 3.8203190E+001, 4.6088260E+001, 3.8362124E+001, 3.9433329E+001, 3.8592723E+001
 1.6016933E+002, 1.0283813E+002, 1.5859618E+002, 1.2961621E+002, 1.0419936E+002, 1.4926052E+002, 4.8688049E+002, 1.7233582E+002, 1.7091402E+002, 1.0680055E+002, 1.2863031E+002, 2.1952822E+002, 4.3258010E+002, 9.4734499E+001, 1.5604768E+002, 4.6802935E+002, 2.0190278E+002, 6.2893431E+001, 3.8154043E+001, 3.7731662E+001, 3.7960603E+001, 4.6304789E+001, 3.7961079E+001, 3.9123251E+001, 3.8445005E+001
 1.6510989E+002, 1.0451880E+002, 1.6122522E+002, 1.2864541E+002, 1.0591857E+002, 1.5114630E+002, 4.4901532E+002, 1.6127031E+002, 1.6770213E+002, 1.0664721E+002, 1.3039932E+002, 2.1407067E+002, 4.7436628E+002, 9.5015285E+001, 1.6391423E+002, 4.6511802E+002, 1.9981605E+002, 6.3257904E+001, 3.7590821E+001, 3.7631189E+001, 3.7549751E+001, 4.6105952E+001, 3.7939336E+001, 3.8734795E+001, 3.8183410E+001
 1.7009099E+002, 1.0546016E+002, 1.6466162E+002, 1.2757587E+002, 1.0596252E+002, 1.4867303E+002, 4.4056289E+002, 1.6152845E+002, 1.7013144E+002, 1.0679929E+002, 1.2979663E+002, 2.2499711E+002, 4.5403599E+002, 9.3008864E+001, 1.6523403E+002, 4.6653664E+002, 1.9669106E+002, 6.3720826E+001, 3.6764975E+001, 3.7492228E+001, 3.6953512E+001, 4.6500323E+001, 3.8229098E+001, 3.8074967E+001, 3.7486445E+001
 1.7510990E+002, 1.0537074E+002, 1.6241356E+002, 1.2751870E+002, 1.0655324E+002, 1.4962737E+002, 4.4301409E+002, 1.6862131E+002, 1.7191106E+002, 1.0619059E+002, 1.2954751E+002, 2.2401510E+002, 4.5477518E+002, 9.4218948E+001, 1.6494053E+002, 5.0170435E+002, 1.9906125E+002, 6.3394460E+001, 3.6959134E+001, 3.7486096E+001, 3.6143019E+001, 4.6265132E+001, 3.7740157E+001, 3.7389396E+001, 3.6848012E+001
 1.8007862E+002, 1.0494410E+002, 1.6312324E+002, 1.2704254E+002, 1.0788808E+002, 1.4787311E+002, 4.6322064E+002, 1.7040336E+002, 1.6817750E+002, 1.0752166E+002, 1.3036610E+002, 2.2632946E+002, 4.6119720E+002, 9.3304432E+001, 1.7364469E+002, 5.0775455E+002, 1.9942500E+002, 6.3336028E+001, 3.7227404E+001, 3.7262308E+001, 3.5747977E+001, 4.6594796E+001, 3.7591337E+001, 3.6885474E+001, 3.6132676E+001
 1.8504734E+002, 1.0379604E+002, 1.6197399E+002, 1.2883992E+002, 1.0593490E+002, 1.5404192E+002, 4.2502749E+002, 1.6539357E+002, 1.6131715E+002, 1.0846405E+002, 1.3080143E+002, 2.2229066E+002, 4.2655400E+002, 9.3419783E+001, 1.6837474E+002, 5.3182476E+002, 2.0345409E+002, 6.2675016E+001, 3.6638953E+001, 3.6247504E+001, 3.5632010E+001, 4.6279430E+001, 3.7221480E+001, 3.6722688E+001, 3.5939670E+001
 1.9011432E+002, 1.0420365E+002, 1.5955131E+002, 1.2955932E+002, 1.0644563E+002, 1.5670074E+002, 4.8627361E+002, 1.6785915E+002, 1.6982530E+002, 1.0888918E+002, 1.2821991E+002, 2.1545430E+002, 4.2917698E+002, 9.4747056E+001, 1.6768959E+002, 5.0230614E+002, 1.9901035E+002, 6.3164866E+001, 3.5969023E+001, 3.5097431E+001, 3.5085963E+001, 4.5586186E+001, 3.7440076E+001, 3.6501952E+001, 3.5763254E+001
 1.9509823E+002, 1.0486260E+002, 1.6255144E+002, 1.2805491E+002, 1.0728099E+002, 1.5286341E+002, 4.6546140E+002, 1.6515860E+002, 1.7309433E+002, 1.0728327E+002, 1.2803520E+002, 2.2461438E+002, 4.9065548E+002, 9.2647796E+001, 1.6453418E+002, 4.9358302E+002, 1.9770361E+002, 6.1699119E+001, 3.5484981E+001, 3.3527100E+001, 3.3627586E+001, 4.4662271E+001, 3.7263508E+001, 3.5925889E+001, 3.4995897E+001
 2.0000703E+002, 1.0648064E+002, 1.6309285E+002, 1.2952227E+002, 1.0623839E+002, 1.5911185E+002, 4.3524721E+002, 1.7058506E+002, 1.7030433E+002, 1.0726750E+002, 1.3011130E+002, 2.2692050E+002, 4.7730503E+002, 9.2711807E+001, 1.6503285E+002, 4.5776952E+002, 1.9576735E+002, 6.0987579E+001, 3.5428189E+001, 3.3503207E+001, 3.2462901E+001, 4.3789371E+001, 3.6562204E+001, 3.5393103E+001, 3.4197748E+001
 2.0507543E+002, 1.0416921E+002, 1.5770898E+002, 1.2691868E+002, 1.0615685E+002, 1.5596659E+002, 4.4490833E+002, 1.6829308E+002, 1.7604193E+002, 1.0804295E+002, 1.3435985E+002, 2.1618258E+002, 4.3745405E+002, 9.3242757E+001, 1.6409061E+002, 4.6658731E+002, 2.0415884E+002, 6.1656192E+001, 3.5253869E+001, 3.3969033E+001, 3.2397363E+001, 4.4023637E+001, 3.6713275E+001, 3.4671939E+001, 3.3085999E+001
 2.1003857E+002, 1.0494994E+002, 1.6127192E+002, 1.2546673E+002, 1.0741685E+002, 1.5836269E+002, 4.3945347E+002, 1.6551296E+002, 1.7291863E+002, 1.0841121E+002, 1.3172212E+002, 2.0935181E+002, 3.8894696E+002, 9.3300353E+001, 1.6503276E+002, 4.7277258E+002, 1.9520936E+002, 6.2807906E+001, 3.4464722E+001, 3.4006336E+001, 3.1840118E+001, 4.4537162E+001, 3.6589169E+001, 3.4099520E+001, 3.3017999E+001
 2.1508442E+002, 1.0330610E+002, 1.6102820E+002, 1.2594111E+002, 1.0896207E+002, 1.5214600E+002, 4.3524929E+002, 1.6462149E+002, 1.7193362E+002, 1.0785356E+002, 1.3018903E+002, 2.2123486E+002, 4.1738175E+002, 9.2212408E+001, 1.6372503E+002, 5.0362976E+002, 1.8845845E+002, 6.2904242E+001, 3.2096173E+001, 3.3743201E+001, 3.1397736E+001, 4.3439184E+001, 3.6389815E+001, 3.3394501E+001, 3.2445003E+001
 2.2010112E+002, 1.0205311E+002, 1.5607220E+002, 1.2714190E+002, 1.0748287E+002, 1.4696541E+002, 4.3607559E+002, 1.6880062E+002, 1.7555769E+002, 1.0704882E+002, 1.3033736E+002, 2.1635049E+002, 4.2620640E+002, 9.1631185E+001, 1.6017563E+002, 5.0600465E+002, 1.9768798E+002, 6.2555898E+001, 3.1568497E+001, 3.3493830E+001, 3.1060743E+001, 4.3450756E+001, 3.6328001E+001, 3.2792563E+001, 3.2276104E+001
 2.2504381E+002, 1.0404705E+002, 1.5253284E+002, 1.2792651E+002, 1.0850042E+002, 1.5018088E+002, 4.5728470E+002, 1.6481107E+002, 1.8051658E+002, 1.0699805E+002, 1.2840573E+002, 2.1537123E+002, 3.9624412E+002, 9.2476966E+001, 1.5988851E+002, 5.1255770E+002, 1.9222322E+002, 6.1936234E+001, 3.2588349E+001, 3.3054442E+001, 3.1223187E+001, 4.4146930E+001, 3.5965778E+001, 3.2879607E+001, 3.2418143E+001
 2.3011382E+002, 1.0231744E+002, 1.5543493E+002, 1.2873117E+002, 1.0869701E+002, 1.4905577E+002, 4.5006628E+002, 1.6926729E+002, 1.8018319E+002, 1.0701923E+002, 1.2660924E+002, 2.1564736E+002, 3.2619123E+002, 9.1890857E+001, 1.6274888E+002, 4.8419873E+002, 1.9548189E+002, 6.1430643E+001, 3.2818432E+001, 3.2492730E+001, 3.1473634E+001, 4.3668553E+001, 3.5918660E+001, 3.2886141E+001, 3.2206195E+001
 2.3517081E+002, 9.9405148E+001, 1.5019996E+002, 1.2799136E+002, 1.1133033E+002, 1.4910785E+002, 4.2685461E+002, 1.6747473E+002, 1.7920833E+002, 1.0548075E+002, 1.2676785E+002, 2.3035907E+002, 3.0839539E+002, 9.0874825E+001, 1.6325145E+002, 4.3193406E+002, 2.0047499E+002, 6.0052964E+001, 3.2339888E+001, 3.1950092E+001, 3.0683881E+001, 4.2643215E+001, 3.5219260E+001, 3.2597826E+001, 3.1786395E+001
 2.4002879E+002, 1.0320460E+002, 1.5409906E+002, 1.2771421E+002, 1.1108548E+002, 1.4357993E+002, 4.1572817E+002, 1.6645879E+002, 1.7744735E+002, 1.0471683E+002, 1.2935373E+002, 2.3949384E+002, 2.9056453E+002, 9.1160459E+001, 1.6232680E+002, 3.8425715E+002, 2.0107392E+002, 5.9361803E+001, 3.1935877E+001, 3.1665853E+001, 2.9609513E+001, 4.2281477E+001, 3.4779255E+001, 3.2287101E+001, 3.1308696E+001
 2.4507155E+002, 1.0128560E+002, 1.5862851E+002, 1.2726643E+002, 1.1348014E+002, 1.4906066E+002, 4.0612703E+002, 1.6513931E+002, 1.7721336E+002, 1.0406455E+002, 1.3130332E+002, 2.3092166E+002, 2.7278297E+002, 8.8195751E+001, 1.6098609E+002, 3.3684897E+002, 1.9750520E+002, 5.8039021E+001, 3.1619315E+001, 3.1318043E+001, 2.8470876E+001, 4.1545022E+001, 3.4067211E+001, 3.1571507E+001, 3.0186057E+001
 2.5004604E+002, 1.0083384E+002, 1.5079168E+002, 1.2402923E+002, 1.1381679E+002, 1.4891644E+002, 4.0368855E+002, 1.6590804E+002, 1.7622326E+002, 1.0411870E+002, 1.2724493E+002, 2.2250838E+002, 2.5425756E+002, 8.7148686E+001, 1.5907365E+002, 3.3108208E+002, 1.9886469E+002, 5.7608578E+001, 3.1456127E+001, 3.0426424E+001, 2.7126232E+001, 4.1540237E+001, 3.3927829E+001, 3.0676944E+001, 2.8855365E+001
 2.5508780E+002, 1.0340447E+002, 1.5001087E+002, 1.2174883E+002, 1.0922614E+002, 1.5165433E+002, 3.6131863E+002, 1.7198880E+002, 1.7300951E+002, 1.0438590E+002, 1.2292759E+002, 2.0233201E+002, 2.5442403E+002, 8.9857895E+001, 1.5705686E+002, 3.1743060E+002, 2.0041368E+002, 5.7007786E+001, 3.1150925E+001, 2.8455003E+001, 2.6114329E+001, 4.2036371E+001, 3.3931022E+001, 3.0410629E+001, 2.8985056E+001
 2.6020947E+002, 1.0357662E+002, 1.5882920E+002, 1.2422577E+002, 1.0710252E+002, 1.5155089E+002, 4.0797085E+002, 1.7005647E+002, 2.0426715E+002, 1.0544763E+002, 1.2525436E+002, 1.9556774E+002, 2.5169754E+002, 9.1084664E+001, 1.5476041E+002, 3.1494210E+002, 1.9099438E+002, 5.7634865E+001, 2.9945731E+001, 2.7651184E+001, 2.6280790E+001, 4.2134054E+001, 3.4360737E+001, 3.0377166E+001, 2.9439428E+001
 2.6510456E+002, 1.0039623E+002, 1.5952183E+002, 1.2339413E+002, 1.1020208E+002, 1.5307792E+002, 4.3429000E+002, 1.5608781E+002, 2.1412760E+002, 1.0452487E+002, 1.2276675E+002, 1.9414228E+002, 2.4745052E+002, 8.9270877E+001, 1.5466457E+002, 3.1427645E+002, 1.7497947E+002, 5.8113328E+001, 2.8497156E+001, 2.6326300E+001, 2.6214757E+001, 4.1859011E+001, 3.4234374E+001, 3.0037992E+001, 2.9360746E+001
 2.7018355E+002, 9.8752773E+001, 1.5617063E+002, 1.2448127E+002, 1.1221932E+002, 1.5160450E+002, 3.7579554E+002, 1.6515806E+002, 2.0792027E+002, 1.0341942E+002, 1.2294698E+002, 1.8595663E+002, 2.4534593E+002, 8.8190255E+001, 1.5159525E+002, 3.0289386E+002, 1.6558307E+002, 5.7004280E+001, 2.7335688E+001, 2.6944946E+001, 2.6828355E+001, 4.0648123E+001, 3.3532802E+001, 2.9012652E+001, 2.8356348E+001
 2.7511988E+002, 1.0102583E+002, 1.5214273E+002, 1.2478402E+002, 1.1271155E+002, 1.4872247E+002, 4.3950379E+002, 1.6835226E+002, 2.0758479E+002, 1.0367007E+002, 1.2670398E+002, 1.8026104E+002, 2.4313159E+002, 8.7269810E+001, 1.4783902E+002, 2.8479989E+002, 1.6080180E+002, 5.7069124E+001, 2.7763077E+001, 2.8751891E+001, 3.1352946E+001, 4.0177577E+001, 3.2575387E+001, 2.8047270E+001, 2.7271689E+001
 2.8010337E+002, 9.8121617E+001, 1.5140330E+002, 1.2435811E+002, 1.1950742E+002, 1.4827999E+002, 4.4178144E+002, 1.6758104E+002, 1.9867481E+002, 1.0270857E+002, 1.2814590E+002, 1.8235861E+002, 2.3222763E+002, 8.5958241E+001, 1.4272269E+002, 3.0668219E+002, 1.6695110E+002, 5.5560004E+001, 2.8860432E+001, 2.9968051E+001, 2.9645337E+001, 4.0014650E+001, 3.2000577E+001, 2.7503449E+001, 2.7340106E+001
 2.8500429E+002, 9.8146361E+001, 1.5377308E+002, 1.2695219E+002, 1.1861305E+002, 1.5178157E+002, 4.6368409E+002, 1.6749867E+002, 1.9433705E+002, 1.0264610E+002, 1.2421952E+002, 1.8065144E+002, 2.2121610E+002, 8.4246271E+001, 1.5644672E+002, 2.8588325E+002, 1.6866075E+002, 5.4697783E+001, 3.0637903E+001, 2.9230926E+001, 2.8436112E+001, 3.9788629E+001, 3.1577077E+001, 2.7896004E+001, 2.8116228E+001
 2.9012131E+002, 1.0148953E+002, 1.5015153E+002, 1.2586917E+002, 1.1489852E+002, 1.5012667E+002, 4.6029925E+002, 1.6681224E+002, 1.9169520E+002, 1.0420064E+002, 1.2307693E+002, 1.8157710E+002, 2.0671771E+002, 8.6136308E+001, 1.5869128E+002, 2.8292303E+002, 1.6468248E+002, 5.5083445E+001, 3.0243662E+001, 2.8591997E+001, 3.0497848E+001, 3.9993284E+001, 3.1732615E+001, 2.8166954E+001, 2.8161868E+001
 2.9503450E+002, 9.9969325E+001, 1.5118040E+002, 1.2042841E+002, 1.1745916E+002, 1.4340713E+002, 4.1997641E+002, 1.5707283E+002, 1.9516777E+002, 1.0330755E+002, 1.2664305E+002, 1.8001050E+002, 1.9583541E+002, 8.8856014E+001, 1.6159870E+002, 2.8237415E+002, 1.6615657E+002, 5.5260404E+001, 2.8881379E+001, 2.8471885E+001, 3.0733964E+001, 3.9954131E+001, 3.1640638E+001, 2.8327632E+001, 2.7973975E+001
 3.0009584E+002, 9.9859718E+001, 1.5834434E+002, 1.2030762E+002, 1.1732958E+002, 1.5002470E+002, 4.3381265E+002, 1.5930765E+002, 1.9789266E+002, 1.0158056E+002, 1.2799833E+002, 1.7414796E+002, 1.8767016E+002, 8.5904894E+001, 1.6122702E+002, 2.9852242E+002, 1.6286654E+002, 5.5663021E+001, 2.7967006E+001, 2.7831653E+001, 3.0106997E+001, 3.9468923E+001, 3.1815770E+001, 2.8423904E+001, 2.7858585E+001
 3.0512518E+002, 9.7034420E+001, 1.5509942E+002, 1.2412316E+002, 1.1831340E+002, 1.5021372E+002, 4.2999108E+002, 1.5629201E+002, 2.0337002E+002, 1.0073974E+002, 1.3060437E+002, 1.7356266E+002, 1.8234263E+002, 8.3856167E+001, 1.5783014E+002, 2.8096515E+002, 1.6172539E+002, 5.5379698E+001, 2.7381124E+001, 2.6208720E+001, 2.9714386E+001, 3.8313469E+001, 3.1304301E+001, 2.8052056E+001, 2.7571451E+001
 3.1004998E+002, 9.6930967E+001, 1.4779685E+002, 1.1977295E+002, 1.1694792E+002, 1.5385880E+002, 4.7098422E+002, 1.6048477E+002, 1.7665847E+002, 1.0123825E+002, 1.2788743E+002, 1.7326047E+002, 1.7397083E+002, 8.3410299E+001, 1.7854778E+002, 2.8371121E+002, 1.6385957E+002, 5.6218017E+001, 2.7308698E+001, 2.6645226E+001, 2.8827012E+001, 3.7941928E+001, 3.1659527E+001, 2.7299827E+001, 2.7242481E+001
 3.1514173E+002, 9.6760760E+001, 1.5196693E+002, 1.1891254E+002, 1.1970021E+002, 1.4859450E+002, 4.5444547E+002, 1.6479934E+002, 1.6502356E+002, 1.0167737E+002, 1.2243483E+002, 1.6724777E+002, 1.6500115E+002, 8.8223328E+001, 1.7786256E+002, 2.5055619E+002, 1.6129098E+002, 5.6022514E+001, 2.7361721E+001, 2.6037654E+001, 2.6488456E+001, 3.7469303E+001, 3.1515632E+001, 2.6382136E+001, 2.6498546E+001
 3.2025088E+002, 9.7807952E+001, 1.5174127E+002, 1.1896423E+002, 1.1739415E+002, 1.4856075E+002, 4.6542141E+002, 1.6034284E+002, 1.5332566E+002, 1.0207332E+002, 1.2762064E+002, 1.6415483E+002, 1.5653457E+002, 8.9059998E+001, 1.6846257E+002, 3.1802816E+002, 1.6312558E+002, 5.5695647E+001, 2.7427330E+001, 2.5119303E+001, 2.5673530E+001, 3.7942522E+001, 3.0590363E+001, 2.5174652E+001, 2.5173476E+001
 3.2511284E+002, 9.6345366E+001, 1.5085184E+002, 1.1783275E+002, 1.1913979E+002, 1.3843249E+002, 4.5036577E+002, 1.6604421E+002, 1.4645657E+002, 1.0124585E+002, 1.2058643E+002, 1.5884999E+002, 1.5203584E+002, 8.5428139E+001, 1.7596637E+002, 2.7076781E+002, 1.5529582E+002, 5.6843426E+001, 2.7071538E+001, 2.4987575E+001, 2.5956000E+001, 3.8926925E+001, 3.0080124E+001, 2.5017959E+001, 2.5194817E+001
 3.3014966E+002, 9.7512002E+001, 1.5210240E+002, 1.1988921E+002, 1.1656443E+002, 1.4866700E+002, 4.2593560E+002, 1.6675441E+002, 1.3649726E+002, 1.0200357E+002, 1.2127569E+002, 1.5695918E+002, 1.5234073E+002, 8.8030511E+001, 1.7080850E+002, 2.7530360E+002, 1.4849262E+002, 5.6638728E+001, 2.5101923E+001, 2.7557102E+001, 2.7719064E+001, 3.8582914E+001, 2.9979769E+001, 2.4984668E+001, 2.5020061E+001
 3.3514921E+002, 9.6388661E+001, 1.5094058E+002, 1.1764267E+002, 1.1273647E+002, 1.4521342E+002, 4.1263592E+002, 1.6043385E+002, 1.2955994E+002, 1.0148117E+002, 1.2488036E+002, 1.5753121E+002, 1.4742047E+002, 8.7240294E+001, 1.7219927E+002, 2.6430548E+002, 1.5186490E+002, 5.5896814E+001, 2.4509773E+001, 2.6872060E+001, 2.9907479E+001, 3.8264330E+001, 2.9694019E+001, 2.4884600E+001, 2.4506170E+001
 3.4013010E+002, 9.4487847E+001, 1.5086469E+002, 1.2246833E+002, 1.0644455E+002, 1.4588048E+002, 3.9985223E+002, 1.5599779E+002, 1.2667680E+002, 9.9736598E+001, 1.1874373E+002, 1.5608980E+002, 1.4070118E+002, 8.6859878E+001, 1.8416300E+002, 2.5379300E+002, 1.5364021E+002, 5.6087556E+001, 2.5405911E+001, 2.5406654E+001, 2.9353241E+001, 3.7517118E+001, 2.9388430E+001, 2.4750328E+001, 2.3789590E+001
 3.4510659E+002, 9.5332461E+001, 1.4721336E+002, 1.2448894E+002, 9.8006085E+001, 1.4998877E+002, 3.2106111E+002, 1.5948183E+002, 1.1920782E+002, 9.9163234E+001, 1.1130573E+002, 1.4882657E+002, 1.3290890E+002, 9.1004363E+001, 1.8414052E+002, 2.4835227E+002, 1.5440315E+002, 5.5429501E+001, 2.4795198E+001, 2.3045788E+001, 2.6758586E+001, 3.6275672E+001, 2.9375646E+001, 2.4157086E+001, 2.3011557E+001
 3.5000394E+002, 9.8304250E+001, 1.4321499E+002, 1.2043064E+002, 9.3924811E+001, 1.4399324E+002, 2.7483463E+002, 1.5693006E+002, 1.1135562E+002, 1.0010317E+002, 1.1798285E+002, 1.4141115E+002, 1.2961886E+002, 9.3828317E+001, 1.7864990E+002, 2.4148514E+002, 1.5097461E+002, 5.5000202E+001, 2.1892071E+001, 1.9455157E+001, 2.3775734E+001, 3.5339628E+001, 2.8990436E+001, 2.3555126E+001, 2.2609500E+001
 3.5528244E+002, 9.9725731E+001, 1.4938078E+002, 1.1692791E+002, 9.4273571E+001, 1.4192094E+002, 2.9855737E+002, 1.5478353E+002, 1.0732492E+002, 9.9767973E+001, 1.1572601E+002, 1.3994794E+002, 1.2864661E+002, 8.9584524E+001, 1.6483424E+002, 2.2295628E+002, 1.4221806E+002, 5.5042059E+001, 2.1954926E+001, 2.0912204E+001, 2.3435408E+001, 3.5553123E+001, 2.8910537E+001, 2.2937797E+001, 2.2145850E+001
 3.6012191E+002, 9.6726296E+001, 1.5575626E+002, 1.1813987E+002, 9.3724491E+001, 1.4122058E+002, 2.8810935E+002, 1.5922238E+002, 1.0574366E+002, 9.8393728E+001, 1.1287797E+002, 1.4047168E+002, 1.2770596E+002, 8.5091107E+001, 1.6178492E+002, 2.1528545E+002, 1.4604651E+002, 5.3859843E+001, 2.3116682E+001, 2.2180566E+001, 2.3532637E+001, 3.5115272E+001, 2.8097404E+001, 2.2472466E+001, 2.1664617E+001
 3.6513963E+002, 9.7441668E+001, 1.5035271E+002, 1.2128595E+002, 8.8530785E+001, 1.3692138E+002, 2.6660280E+002, 1.5938182E+002, 1.0200531E+002, 9.8661582E+001, 1.1308955E+002, 1.4067472E+002, 1.2102631E+002, 8.4804316E+001, 1.7388377E+002, 2.1776324E+002, 1.5053195E+002, 5.3720389E+001, 2.3742460E+001, 2.1317797E+001, 2.3289984E+001, 3.5583273E+001, 2.8301610E+001, 2.1919855E+001, 2.1319592E+001
 3.7006594E+002, 9.8475427E+001, 1.4788695E+002, 1.1932899E+002, 8.6728384E+001, 1.3708643E+002, 2.4606492E+002, 1.5466075E+002, 9.9700008E+001, 9.8182005E+001, 9.9832032E+001, 1.3254625E+002, 1.1777017E+002, 8.9673994E+001, 1.7878246E+002, 2.0803682E+002, 1.4518212E+002, 5.3650701E+001, 2.2107405E+001, 2.0237828E+001, 2.1704743E+001, 3.5933730E+001, 2.8670808E+001, 2.1221587E+001, 2.1336997E+001
 3.7505428E+002, 1.0037359E+002, 1.4952388E+002, 1.1642205E+002, 8.5448649E+001, 1.4048991E+002, 2.3955096E+002, 1.4801394E+002, 9.5939168E+001, 1.0005287E+002, 1.0030827E+002, 1.2593972E+002, 1.1739801E+002, 9.2995191E+001, 1.6366291E+002, 2.0998188E+002, 1.3579280E+002, 5.3095519E+001, 1.9983765E+001, 2.0091092E+001, 2.1752408E+001, 3.5080871E+001, 2.8438066E+001, 2.0986946E+001, 2.1319422E+001
 3.8015508E+002, 9.8544376E+001, 1.4489670E+002, 1.1657032E+002, 8.0637402E+001, 1.3170217E+002, 2.5366827E+002, 1.4953521E+002, 9.1718699E+001, 9.8302391E+001, 1.0264328E+002, 1.2607899E+002, 1.1722079E+002, 8.5001204E+001, 1.7244103E+002, 2.0044525E+002, 1.3506605E+002, 5.3173392E+001, 1.9953827E+001, 2.0219799E+001, 2.2569777E+001, 3.4409144E+001, 2.8001407E+001, 2.0608062E+001, 2.0914126E+001
 3.8507737E+002, 9.6477860E+001, 1.4204318E+002, 1.1607431E+002, 7.8823422E+001, 1.3774166E+002, 2.3718319E+002, 1.4365448E+002, 8.9453830E+001, 9.6027130E+001, 1.0039871E+002, 1.2328631E+002, 1.1354206E+002, 8.7612034E+001, 1.7600975E+002, 2.0281077E+002, 1.4019702E+002, 5.2646580E+001, 2.0467703E+001, 2.0230369E+001, 2.2103208E+001, 3.3079783E+001, 2.7000482E+001, 2.0253183E+001, 2.0400155E+001
 3.9026371E+002, 9.5748104E+001, 1.4005656E+002, 1.1654381E+002, 7.5286973E+001, 1.4619273E+002, 2.3907241E+002, 1.3974552E+002, 8.6092332E+001, 9.5762330E+001, 9.5901977E+001, 1.2243061E+002, 1.0589919E+002, 9.1004114E+001, 1.7684215E+002, 1.9663924E+002, 1.3725504E+002, 5.2337766E+001, 2.0003695E+001, 1.9779454E+001, 2.0227147E+001, 3.2114544E+001, 2.6126013E+001, 2.0136430E+001, 1.9999158E+001
 3.9505428E+002, 9.3920003E+001, 1.4130113E+002, 1.1886084E+002, 7.1152882E+001, 1.5284525E+002, 2.2615158E+002, 1.4041963E+002, 8.2203074E+001, 9.6379000E+001, 9.4975962E+001, 1.1452134E+002, 1.0354399E+002, 9.0556917E+001, 1.6737240E+002, 1.8475081E+002, 1.3142844E+002, 5.1153097E+001, 1.8168691E+001, 1.7754322E+001, 2.0152264E+001, 3.2304695E+001, 2.5319445E+001, 2.0144572E+001, 1.9707789E+001
 4.0020636E+002, 9.7393680E+001, 1.3889071E+002, 1.1870437E+002, 6.8501447E+001, 1.4866825E+002, 2.1892774E+002, 1.3873393E+002, 8.0376406E+001, 9.7646863E+001, 9.2157999E+001, 1.1512268E+002, 1.0744960E+002, 8.5178546E+001, 1.6941462E+002, 1.7116008E+002, 1.1764623E+002, 5.0450120E+001, 1.9577085E+001, 1.8635423E+001, 2.0385128E+001, 3.1273709E+001, 2.4116778E+001, 1.9987660E+001, 1.9149080E+001
 4.0504272E+002, 9.6097933E+001, 1.3336756E+002, 1.1412244E+002, 6.8095749E+001, 1.4239791E+002, 2.2288862E+002, 1.3865985E+002, 7.8614264E+001, 9.7557065E+001, 9.1710738E+001, 1.1769688E+002, 1.0572616E+002, 8.1553509E+001, 1.8491426E+002, 1.8657206E+002, 1.2198228E+002, 5.0608268E+001, 2.2455793E+001, 1.9994016E+001, 2.0399012E+001, 3.0838279E+001, 2.4143269E+001, 1.9587267E+001, 1.7726797E+001
 4.1003099E+002, 9.6409865E+001, 1.2860288E+002, 1.0706162E+002, 6.6075533E+001, 1.4417676E+002, 1.9164653E+002, 1.3046791E+002, 7.6852059E+001, 9.7629093E+001, 8.4757091E+001, 1.1129010E+002, 9.7555201E+001, 8.5658739E+001, 1.8916184E+002, 1.8071000E+002, 1.2247256E+002, 5.0812581E+001, 2.3321597E+001, 1.9940113E+001, 2.0910721E+001, 3.2866155E+001, 2.5252820E+001, 1.9591468E+001, 1.8150525E+001
 4.1526622E+002, 9.5705504E+001, 1.2843533E+002, 1.0613705E+002, 6.4121556E+001, 1.5019639E+002, 2.0285087E+002, 1.2654810E+002, 7.4548491E+001, 9.2531030E+001, 8.7756664E+001, 1.0968257E+002, 9.5674784E+001, 8.9469771E+001, 1.8229707E+002, 1.6938580E+002, 1.1952984E+002, 4.9206423E+001, 2.2454264E+001, 1.8873341E+001, 2.1749081E+001, 3.3343174E+001, 2.4805696E+001, 1.9850076E+001, 1.8692555E+001
 4.2025257E+002, 9.3081685E+001, 1.2938532E+002, 1.0617557E+002, 6.3338800E+001, 1.4717539E+002, 1.9316286E+002, 1.2696592E+002, 7.4330139E+001, 9.2558531E+001, 8.4886766E+001, 1.0019872E+002, 9.3786838E+001, 8.6876972E+001, 1.7101805E+002, 1.6911387E+002, 1.2218213E+002, 4.9387649E+001, 2.0582364E+001, 1.6715986E+001, 1.8782102E+001, 3.0935855E+001, 2.4505853E+001, 1.9768947E+001, 1.8155109E+001
 4.2512239E+002, 9.4439560E+001, 1.2222830E+002, 1.0205075E+002, 6.1152647E+001, 1.4629762E+002, 1.8667764E+002, 1.3073721E+002, 6.8873415E+001, 9.2933726E+001, 7.8829968E+001, 9.9303114E+001, 8.7726658E+001, 8.8398903E+001, 1.6632762E+002, 1.6784073E+002, 1.2336497E+002, 4.9043566E+001, 1.9298790E+001, 9.8322777E+000, 1.4279680E+001, 2.8554543E+001, 2.5104241E+001, 1.8257550E+001, 1.7332322E+001
 4.3024173E+002, 9.2964894E+001, 1.1150513E+002, 9.8459762E+001, 6.0468514E+001, 1.4177682E+002, 1.7871592E+002, 1.2391144E+002, 6.8069252E+001, 9.6572697E+001, 7.8037904E+001, 1.0299272E+002, 9.0890105E+001, 8.7174387E+001, 1.5072188E+002, 1.5776822E+002, 1.1774761E+002, 4.7184251E+001, 1.9012025E+001, 1.4566283E+001, 1.5377078E+001, 2.8989158E+001, 2.6308353E+001, 1.2650420E+001, 1.2850573E+001
 4.3504749E+002, 9.3022186E+001, 1.1210664E+002, 1.0001602E+002, 5.9924438E+001, 1.4453106E+002, 1.7315520E+002, 1.1438025E+002, 6.8598158E+001, 9.9802818E+001, 8.0352420E+001, 1.0172044E+002, 9.2923442E+001, 8.3888925E+001, 1.5432834E+002, 1.5020297E+002, 1.1253993E+002, 4.7354850E+001, 1.9879993E+001, 1.3466533E+001, 1.6488359E+001, 3.0565331E+001, 2.7272751E+001, 1.1449671E+001, 1.0580965E+001
 4.4014766E+002, 9.5649110E+001, 1.1254905E+002, 1.0139323E+002, 5.7300665E+001, 1.4252326E+002, 1.6523887E+002, 1.1292976E+002, 6.7197620E+001, 1.0017682E+002, 8.5136706E+001, 9.7327772E+001, 9.2558046E+001, 8.0498809E+001, 1.7721557E+002, 1.6613700E+002, 1.0116606E+002, 4.9694238E+001, 2.0107508E+001, 2.0097378E+001, 1.9154165E+001, 3.0737120E+001, 2.5546863E+001, 1.5523239E+001, 1.4169118E+001
 4.4516193E+002, 9.3611380E+001, 1.0918087E+002, 9.9265007E+001, 5.5603185E+001, 1.3143236E+002, 1.6366156E+002, 1.1202330E+002, 6.5711994E+001, 9.8953706E+001, 8.7490198E+001, 1.0015808E+002, 8.8696316E+001, 7.9551959E+001, 1.8642707E+002, 1.6389759E+002, 1.0559599E+002, 4.8720675E+001, 2.3879546E+001, 1.9501516E+001, 2.0239237E+001, 3.1511907E+001, 2.4793542E+001, 1.6225590E+001, 1.5146361E+001
 4.5016355E+002, 9.1848973E+001, 1.0265023E+002, 9.3609582E+001, 5.5165091E+001, 1.3046993E+002, 1.5303739E+002, 1.0435465E+002, 6.6858339E+001, 9.6315876E+001, 8.4829383E+001, 1.0316661E+002, 8.5351077E+001, 8.6230580E+001, 1.8855941E+002, 1.6735076E+002, 1.1146124E+002, 5.0291346E+001, 2.2202720E+001, 1.3434021E+001, 1.7860095E+001, 3.1804719E+001, 2.4288998E+001, 1.6841709E+001, 1.6207008E+001
 4.5502549E+002, 9.1711556E+001, 9.9131268E+001, 9.1823509E+001, 5.4953562E+001, 1.3015799E+002, 1.4530266E+002, 1.0398271E+002, 6.8425406E+001, 9.7573886E+001, 8.2825299E+001, 9.8799084E+001, 8.2323317E+001, 8.6001905E+001, 1.9659046E+002, 1.6893353E+002, 1.1659869E+002, 4.8183622E+001, 1.8843051E+001, 1.2569745E+001, 1.5598196E+001, 3.0156367E+001, 2.2705391E+001, 1.8510992E+001, 1.9387245E+001
 4.6012326E+002, 9.2793212E+001, 1.0165332E+002, 9.1003635E+001, 5.5359065E+001, 1.3378017E+002, 1.4312553E+002, 1.0541639E+002, 6.5603967E+001, 1.0084684E+002, 8.2033618E+001, 1.0154591E+002, 8.4582194E+001, 8.6655174E+001, 2.1403689E+002, 1.6193521E+002, 1.1391261E+002, 4.9194566E+001, 2.3946141E+001, 1.4402404E+001, 1.7139334E+001, 3.2946422E+001, 2.4579799E+001, 1.5417799E+001, 1.7697269E+001
 4.6500372E+002, 9.1916303E+001, 1.0154078E+002, 9.0254108E+001, 5.4259872E+001, 1.2768814E+002, 1.3729860E+002, 1.0444822E+002, 6.2691464E+001, 1.0075039E+002, 8.2737282E+001, 9.8252310E+001, 8.5230437E+001, 8.7069739E+001, 2.4869613E+002, 1.6336147E+002, 1.0806269E+002, 4.9642604E+001, 2.7810145E+001, 1.2907553E+001, 2.0309050E+001, 3.2708941E+001, 2.5717589E+001, 1.4172693E+001, 1.4504774E+001
 4.7015605E+002, 8.6955032E+001, 9.6609765E+001, 8.6513491E+001, 5.2795636E+001, 1.1830326E+002, 1.3109174E+002, 9.8861209E+001, 6.1737406E+001, 9.6153194E+001, 8.1192856E+001, 9.8411495E+001, 8.1192829E+001, 9.8453758E+001, 2.8871183E+002, 1.7013172E+002, 1.1142617E+002, 5.2099680E+001, 1.9770144E+001, 1.3719593E+001, 1.8441367E+001, 3.2261835E+001, 2.5236813E+001, 1.4210803E+001, 1.4237528E+001
 4.7500034E+002, 8.6560859E+001, 9.4732169E+001, 8.2322762E+001, 5.2057108E+001, 1.1722394E+002, 1.2412736E+002, 9.4001930E+001, 6.0885402E+001, 9.5335636E+001, 8.0135990E+001, 9.7577349E+001, 8.0366806E+001, 1.1094455E+002, 3.2044260E+002, 1.5604125E+002, 1.1533733E+002, 5.1095341E+001, 1.2725760E+001, 1.4547289E+001, 1.2906248E+001, 3.1028849E+001, 2.3827508E+001, 1.4289986E+001, 1.4724159E+001
 4.8022023E+002, 8.5982113E+001, 9.3913975E+001, 8.0410309E+001, 5.0769331E+001, 1.1405091E+002, 1.2101429E+002, 9.1891921E+001, 5.9873531E+001, 9.7859550E+001, 7.8046342E+001, 9.2777602E+001, 8.0616760E+001, 1.0458442E+002, 3.0741190E+002, 1.3906356E+002, 1.1293684E+002, 5.1544334E+001, 1.6194590E+001, 1.3644068E+001, 1.2510759E+001, 3.1304282E+001, 2.0148009E+001, 1.4910222E+001, 1.5963369E+001
 4.8521644E+002, 8.3269063E+001, 9.1955520E+001, 8.0299359E+001, 5.0479546E+001, 1.1025567E+002, 1.1765441E+002, 9.0627886E+001, 5.8995626E+001, 1.0258748E+002, 8.0635606E+001, 9.1013548E+001, 8.3294837E+001, 1.0835817E+002, 2.9953166E+002, 1.3003149E+002, 1.0247272E+002, 5.6428466E+001, 2.0145214E+001, 1.3520967E+001, 1.6186117E+001, 3.3099136E+001, 2.1096161E+001, 1.4036326E+001, 1.3390055E+001
 4.9001975E+002, 8.0757344E+001, 8.8917452E+001, 7.8792274E+001, 5.0262433E+001, 1.1152729E+002, 1.1259019E+002, 8.8469741E+001, 5.8582822E+001, 1.0013972E+002, 8.1573735E+001, 9.1547522E+001, 8.2897324E+001, 1.1324901E+002, 3.2640170E+002, 1.3418446E+002, 9.9766228E+001, 6.0305438E+001, 2.1350826E+001, 1.5271433E+001, 1.7798107E+001, 3.3802690E+001, 2.4837534E+001, 1.2122614E+001, 1.2688003E+001
 4.9511584E+002, 8.0191651E+001, 8.7213348E+001, 7.8158178E+001, 4.8360699E+001, 1.0746834E+002, 1.0867074E+002, 8.6774677E+001, 5.6635766E+001, 1.0038383E+002, 8.1494721E+001, 9.0714646E+001, 7.7172912E+001, 1.1398107E+002, 3.1367095E+002, 1.3958386E+002, 1.0353715E+002, 6.1280810E+001, 1.9286823E+001, 1.4435404E+001, 1.6889587E+001, 3.3568262E+001, 2.4863569E+001, 1.2790048E+001, 1.3774250E+001
 5.0014978E+002, 7.9228014E+001, 8.5153647E+001, 7.7392165E+001, 4.6835501E+001, 1.0113681E+002, 1.0596723E+002, 8.3136585E+001, 5.5060621E+001, 1.0235535E+002, 8.1531652E+001, 9.0920150E+001, 7.6908884E+001, 1.1618647E+002, 2.7622082E+002, 1.2970156E+002, 9.9486186E+001, 5.7798922E+001, 1.9535946E+001, 1.3834837E+001, 1.5413008E+001, 3.6701067E+001, 2.4017321E+001, 1.3571315E+001, 1.4989774E+001
 5.0515762E+002, 7.7494169E+001, 8.3219189E+001, 7.6195986E+001, 4.4988093E+001, 9.8481367E+001, 1.0504729E+002, 8.2212735E+001, 5.5729379E+001, 1.0627059E+002, 8.2546148E+001, 8.8494021E+001, 7.7963004E+001, 1.2212562E+002, 2.9448453E+002, 1.3140831E+002, 9.3925028E+001, 5.8529178E+001, 1.9058925E+001, 1.4106746E+001, 1.6151308E+001, 3.7566973E+001, 2.4189738E+001, 1.3946213E+001, 1.5439842E+001
 5.1017725E+002, 7.7477149E+001, 8.0505692E+001, 7.4323351E+001, 4.3491243E+001, 9.6273708E+001, 1.0008362E+002, 8.2836818E+001, 5.4506558E+001, 1.0580524E+002, 8.0570135E+001, 8.6402341E+001, 7.8127495E+001, 1.2594832E+002, 2.5915791E+002, 1.3410245E+002, 9.3457576E+001, 6.0014196E+001, 1.9347964E+001, 1.5738347E+001, 1.5742228E+001, 3.4735071E+001, 2.4003694E+001, 1.4294967E+001, 1.5642480E+001
 5.1522776E+002, 7.6425324E+001, 7.9481933E+001, 7.3166297E+001, 4.5168331E+001, 9.4238175E+001, 9.9488484E+001, 8.2886100E+001, 5.3969556E+001, 1.0408615E+002, 7.8654451E+001, 8.4239375E+001, 7.9256190E+001, 1.2429270E+002, 2.3326975E+002, 1.2938458E+002, 9.1449546E+001, 6.3144768E+001, 2.2454624E+001, 1.6851974E+001, 1.5920329E+001, 3.1876735E+001, 2.1656457E+001, 1.4238371E+001, 1.5694680E+001
 5.2028757E+002, 7.6491728E+001, 7.8387725E+001, 7.2452918E+001, 4.4480662E+001, 9.0145902E+001, 9.7219087E+001, 8.2996727E+001, 5.3389813E+001, 1.0410531E+002, 8.0366791E+001, 8.4928220E+001, 7.5951490E+001, 1.2314330E+002, 2.4666862E+002, 1.2119215E+002, 9.0314478E+001, 6.4978151E+001, 2.3789016E+001, 1.6879308E+001, 1.7764548E+001, 3.2733241E+001, 2.2625524E+001, 1.4002942E+001, 1.5366477E+001
 5.2515825E+002, 7.3689801E+001, 7.6941521E+001, 7.1009688E+001, 4.2660099E+001, 8.5843231E+001, 9.3204587E+001, 8.0473019E+001, 5.2033179E+001, 1.0598992E+002, 7.8700937E+001, 8.8306894E+001, 7.3543051E+001, 1.3416455E+002, 2.3513159E+002, 1.2849484E+002, 9.1974639E+001, 6.6693759E+001, 2.3556367E+001, 1.6891293E+001, 1.8926980E+001, 3.4193179E+001, 2.3324936E+001, 1.3898706E+001, 1.5274735E+001
 5.3020527E+002, 7.3396988E+001, 7.2909359E+001, 6.8712445E+001, 4.2687091E+001, 8.4086646E+001, 9.0240276E+001, 7.6235228E+001, 5.2351538E+001, 9.8948716E+001, 7.7295431E+001, 8.5453405E+001, 7.4862974E+001, 1.3063297E+002, 2.3277205E+002, 1.2437410E+002, 9.0753299E+001, 6.4306446E+001, 2.4137091E+001, 1.7075459E+001, 1.8547257E+001, 3.5658597E+001, 2.4757083E+001, 1.3755949E+001, 1.5400568E+001
 5.3515829E+002, 7.3018208E+001, 7.1087271E+001, 6.7133805E+001, 4.2884353E+001, 8.1947049E+001, 9.0996766E+001, 7.3892757E+001, 5.3186987E+001, 9.9962248E+001, 7.6288932E+001, 8.5054766E+001, 7.5991377E+001, 1.4292067E+002, 2.2194046E+002, 1.1883084E+002, 9.0513968E+001, 6.6075043E+001, 2.4545252E+001, 1.6832046E+001, 1.8205210E+001, 3.5722530E+001, 2.5580993E+001, 1.3521190E+001, 1.5534063E+001
 5.4014873E+002, 7.1653526E+001, 7.0424057E+001, 6.5901759E+001, 4.2546912E+001, 7.9252130E+001, 9.0467932E+001, 7.1987182E+001, 5.2660415E+001, 9.7593169E+001, 7.7940072E+001, 8.8427543E+001, 7.4285728E+001, 1.4038867E+002, 2.2483646E+002, 1.1957647E+002, 8.9710129E+001, 6.8658772E+001, 2.4468169E+001, 1.6754220E+001, 1.7445441E+001, 3.6768117E+001, 2.5928500E+001, 1.3639920E+001, 1.5710417E+001
 5.4501648E+002, 7.0007722E+001, 6.8802487E+001, 6.4375091E+001, 4.2516365E+001, 7.7335958E+001, 8.6424902E+001, 7.0522421E+001, 5.2936130E+001, 9.7844842E+001, 7.6427512E+001, 8.5776538E+001, 7.2639907E+001, 1.5094654E+002, 2.3114306E+002, 1.2097722E+002, 8.9732381E+001, 6.8344638E+001, 2.3149044E+001, 1.6797337E+001, 1.6600485E+001, 3.7133731E+001, 2.6251886E+001, 1.3998785E+001, 1.5849424E+001
 5.5002761E+002, 6.7503720E+001, 6.8379276E+001, 6.3846994E+001, 4.3170951E+001, 7.5165540E+001, 8.6142133E+001, 6.9421093E+001, 5.4619208E+001, 9.7946930E+001, 7.0355251E+001, 8.3531573E+001, 7.3939557E+001, 1.4406729E+002, 2.2418313E+002, 1.2482160E+002, 8.9616006E+001, 6.9405931E+001, 2.2734387E+001, 1.6547367E+001, 1.5527294E+001, 3.6864590E+001, 2.6608096E+001, 1.4271553E+001, 1.5994103E+001
 5.5518111E+002, 6.5940786E+001, 6.6208296E+001, 6.3422154E+001, 4.2867781E+001, 7.5175041E+001, 8.5060796E+001, 6.8246139E+001, 5.3859317E+001, 9.5796779E+001, 7.1815414E+001, 8.2986915E+001, 7.4105628E+001, 1.4859037E+002, 2.1440611E+002, 1.2135920E+002, 8.9153643E+001, 7.6172290E+001, 2.3666563E+001, 1.6083155E+001, 1.5649708E+001, 3.8547029E+001, 2.6666477E+001, 1.4241373E+001, 1.5793549E+001
 5.6000793E+002, 6.5806984E+001, 6.4783818E+001, 6.2595229E+001, 4.2643039E+001, 7.6996451E+001, 8.4789689E+001, 6.6695102E+001, 5.2866795E+001, 9.2945224E+001, 7.2202539E+001, 8.1268403E+001, 7.2543825E+001, 1.4683651E+002, 2.2584172E+002, 1.1901320E+002, 8.9722669E+001, 7.2946664E+001, 2.3563199E+001, 1.6061823E+001, 1.6052963E+001, 3.8232241E+001, 2.6419949E+001, 1.4477106E+001, 1.5699343E+001
 5.6522448E+002, 6.3855393E+001, 6.4624858E+001, 6.1342711E+001, 4.2412683E+001, 7.5638335E+001, 8.3435712E+001, 6.5858764E+001, 5.2318021E+001, 9.5467073E+001, 7.1786381E+001, 8.2420724E+001, 7.1296786E+001, 1.4907986E+002, 2.3103285E+002, 1.1536474E+002, 9.0123670E+001, 7.6297365E+001, 2.1798913E+001, 1.6172399E+001, 1.5895267E+001, 3.8439185E+001, 2.5969242E+001, 1.4829575E+001, 1.5841913E+001
 5.7025090E+002, 6.2523265E+001, 6.2422931E+001, 5.8172744E+001, 4.2080420E+001, 7.2936087E+001, 8.0687148E+001, 6.4293733E+001, 5.1357577E+001, 9.9101966E+001, 7.1902693E+001, 8.4829215E+001, 6.9852982E+001, 1.6183467E+002, 2.0343224E+002, 1.1601893E+002, 8.8730950E+001, 8.1146047E+001, 2.0898383E+001, 1.6452809E+001, 1.5256635E+001, 4.0722128E+001, 2.6489980E+001, 1.4868994E+001, 1.5894557E+001
 5.7522294E+002, 6.0892426E+001, 6.2037343E+001, 5.6513635E+001, 4.1846303E+001, 7.1669437E+001, 7.9831469E+001, 6.3303558E+001, 4.9869007E+001, 9.4899134E+001, 7.0612582E+001, 8.1667723E+001, 7.0538699E+001, 1.6188365E+002, 2.1199704E+002, 1.1704816E+002, 8.7335107E+001, 7.8628601E+001, 2.1351042E+001, 1.6786443E+001, 1.4880146E+001, 4.0694466E+001, 2.6300099E+001, 1.4818070E+001, 1.5519071E+001
 5.8014739E+002, 6.0026102E+001, 6.2258014E+001, 5.7247927E+001, 4.0876805E+001, 7.0900483E+001, 7.8786754E+001, 6.3836147E+001, 4.8399641E+001, 9.2572444E+001, 6.8083670E+001, 7.8623936E+001, 6.9684423E+001, 1.5911463E+002, 2.0584694E+002, 1.1581553E+002, 8.6633308E+001, 7.7735650E+001, 2.0515287E+001, 1.7380241E+001, 1.4871626E+001, 4.0727260E+001, 2.6486060E+001, 1.4730407E+001, 1.5119771E+001
 5.8505272E+002, 5.8757789E+001, 6.1503245E+001, 5.7344882E+001, 3.8701403E+001, 7.0371299E+001, 7.6448409E+001, 6.4298893E+001, 4.7444129E+001, 9.0044688E+001, 6.8725703E+001, 8.2486006E+001, 6.8366411E+001, 1.5590306E+002, 1.8822132E+002, 1.1486130E+002, 8.5744214E+001, 7.9169400E+001, 2.1061224E+001, 1.8119308E+001, 1.5416539E+001, 4.0937917E+001, 2.7067172E+001, 1.4710839E+001, 1.5104109E+001
 5.9025583E+002, 5.7505667E+001, 6.0272433E+001, 5.6386090E+001, 3.9853950E+001, 6.9364240E+001, 7.6560127E+001, 6.3057182E+001, 4.9297602E+001, 9.0583964E+001, 6.9530910E+001, 8.0656131E+001, 6.8962339E+001, 1.5988043E+002, 1.9474468E+002, 1.1216647E+002, 8.4716306E+001, 8.0789373E+001, 2.1878018E+001, 1.8319903E+001, 1.6414827E+001, 4.1588534E+001, 2.7409078E+001, 1.4848865E+001, 1.5399637E+001
 5.9503703E+002, 5.6006860E+001, 5.8747401E+001, 5.5028938E+001, 3.9857394E+001, 6.7340210E+001, 7.6877542E+001, 6.0032332E+001, 5.0147962E+001, 9.0013085E+001, 6.8471032E+001, 7.7967675E+001, 6.7581862E+001, 1.6267050E+002, 1.9381073E+002, 1.1734330E+002, 8.4140759E+001, 8.4179013E+001, 2.1763877E+001, 1.7751779E+001, 1.6785263E+001, 4.3373057E+001, 2.8271856E+001, 1.4915039E+001, 1.5566183E+001
 6.0000000E+002, 5.5448400E+001, 5.7460039E+001, 5.4301062E+001, 3.8475802E+001, 6.5545626E+001, 7.4864414E+001, 5.7835420E+001, 4.8789331E+001, 8.9417045E+001, 6.7964413E+001, 7.8466533E+001, 6.6325924E+001, 1.6319905E+002, 1.9068368E+002, 1.1210530E+002, 8.2574338E+001, 8.1373245E+001, 1.9035278E+001, 1.6918911E+001, 1.6519595E+001, 4.3889877E+001, 2.7703113E+001, 1.4966021E+001, 1.5668757E+001
