s,kW,kW,kW,kW,kW,kW,kW,kW,kW,kW,kg/s,kg/s,kg/s,Pa
Time,HRR,HRR_OX,Q_RADI,Q_CONV,Q_COND,Q_DIFF,Q_PRES,Q_PART,Q_ENTH,Q_TOTAL,MLR_AIR,MLR_PROPANE,MLR_PRODUCTS,ZONE_1
 0.0000000E+000, 0.0000000E+000, 0.0000000E+000,-8.4362506E-003,-2.8421709E-017, 0.0000000E+000, 0.0000000E+000, 0.0000000E+000, 0.0000000E+000, 0.0000000E+000,-8.4362506E-003, 0.0000000E+000, 0.0000000E+000, 0.0000000E+000,-5.8652328E+000
 6.1930065E+000, 5.4910982E+002, 0.0000000E+000,-9.4175543E+001,-3.6434164E-001,-1.9179493E+000,-3.8595071E-002, 1.6423624E+002, 0.0000000E+000, 5.1090860E+002, 6.1684964E+002, 0.0000000E+000, 1.3777082E-002, 0.0000000E+000, 4.9859018E+002
 1.2198737E+001, 1.5995914E+003, 0.0000000E+000,-4.3917083E+002, 2.4765784E+001,-3.0619114E+001,-1.0676872E-001, 4.4970524E+002, 0.0000000E+000, 1.5727816E+003, 1.6041657E+003, 0.0000000E+000, 3.7625376E-002, 0.0000000E+000, 1.9816701E+003
 1.8106958E+001, 2.6813730E+003, 0.0000000E+000,-7.6520258E+002,-2.1872548E+001,-9.5116258E+001,-1.7120235E-001, 7.2711503E+002, 0.0000000E+000, 2.5036412E+003, 2.5261255E+003, 0.0000000E+000, 6.1574447E-002, 0.0000000E+000, 4.3527200E+003
 2.4162180E+001, 3.7407247E+003, 0.0000000E+000,-1.2009018E+003,-3.7813868E+001,-2.0397920E+002,-2.3550811E-001, 9.2890387E+002, 0.0000000E+000, 3.2206048E+003, 3.2266982E+003, 0.0000000E+000, 8.5702625E-002, 0.0000000E+000, 7.4717979E+003
 3.0113022E+001, 4.8472375E+003, 0.0000000E+000,-1.7221352E+003,-1.0569346E+001,-3.5741266E+002,-2.9371856E-001, 1.0920933E+003, 0.0000000E+000, 3.8392258E+003, 3.8489200E+003, 0.0000000E+000, 1.0989670E-001, 0.0000000E+000, 1.1072714E+004
 3.6018478E+001, 5.3960496E+003, 0.0000000E+000,-1.9462631E+003,-2.5321750E+000,-5.6538128E+002,-3.2398800E-001, 1.1412014E+003, 0.0000000E+000, 4.0371052E+003, 4.0227504E+003, 0.0000000E+000, 1.2108863E-001, 0.0000000E+000, 1.4818709E+004
 4.2049286E+001, 5.4050842E+003, 0.0000000E+000,-2.0309283E+003,-1.1622248E+001,-7.7081305E+002,-3.2523196E-001, 1.0340383E+003, 0.0000000E+000, 3.6484214E+003, 3.6254337E+003, 0.0000000E+000, 1.2108863E-001, 0.0000000E+000, 1.8286724E+004
 4.8163269E+001, 5.3575997E+003, 0.0000000E+000,-2.2487105E+003, 1.2996216E+001,-9.4479000E+002,-3.2209061E-001, 8.6981228E+002, 0.0000000E+000, 3.0804273E+003, 3.0465857E+003, 0.0000000E+000, 1.2108863E-001, 0.0000000E+000, 2.1253999E+004
 5.4111618E+001, 5.4363500E+003, 0.0000000E+000,-2.4589102E+003, 2.8304035E+000,-1.0934638E+003,-3.2456546E-001, 7.5572325E+002, 0.0000000E+000, 2.6703826E+003, 2.6422051E+003, 0.0000000E+000, 1.2108863E-001, 0.0000000E+000, 2.3754231E+004
 6.0048302E+001, 5.4055424E+003, 0.0000000E+000,-2.6062165E+003, 3.3258257E+001,-1.2214761E+003,-3.1890667E-001, 6.4019405E+002, 0.0000000E+000, 2.2825534E+003, 2.2509833E+003, 0.0000000E+000, 1.2108863E-001, 0.0000000E+000, 2.5870393E+004
 6.6114616E+001, 5.3814038E+003, 0.0000000E+000,-2.7638765E+003, 8.9758106E+000,-1.3208073E+003,-3.1976398E-001, 5.3296267E+002, 0.0000000E+000, 1.8785111E+003, 1.8383387E+003, 0.0000000E+000, 1.2108863E-001, 0.0000000E+000, 2.7669829E+004
 7.2053055E+001, 5.3935229E+003, 0.0000000E+000,-2.8686574E+003, 2.2385987E+000,-1.3904108E+003,-3.2240603E-001, 4.6799525E+002, 0.0000000E+000, 1.6380252E+003, 1.6043661E+003, 0.0000000E+000, 1.2108863E-001, 0.0000000E+000, 2.9217452E+004
 7.8024910E+001, 5.3996650E+003, 0.0000000E+000,-3.0125023E+003, 1.7102723E+001,-1.4606616E+003,-3.2451064E-001, 3.8852941E+002, 0.0000000E+000, 1.3779786E+003, 1.3318087E+003, 0.0000000E+000, 1.2108863E-001, 0.0000000E+000, 3.0512109E+004
 8.4022621E+001, 5.4109104E+003, 0.0000000E+000,-3.1260886E+003, 3.0696843E+000,-1.5125477E+003,-3.2603707E-001, 3.2902694E+002, 0.0000000E+000, 1.1445441E+003, 1.1040447E+003, 0.0000000E+000, 1.2108863E-001, 0.0000000E+000, 3.1611106E+004
 9.0097191E+001, 5.4002004E+003, 0.0000000E+000,-3.2002734E+003, 1.7810010E+001,-1.5596035E+003,-3.1686738E-001, 2.8324938E+002, 0.0000000E+000, 9.8036759E+002, 9.4106595E+002, 0.0000000E+000, 1.2108863E-001, 0.0000000E+000, 3.2570541E+004
 9.6082054E+001, 5.3987361E+003, 0.0000000E+000,-3.2412445E+003,-5.5977379E+000,-1.5918820E+003,-3.1599293E-001, 2.4801395E+002, 0.0000000E+000, 8.5219996E+002, 8.0770986E+002, 0.0000000E+000, 1.2108863E-001, 0.0000000E+000, 3.3395050E+004
 1.0200124E+002, 5.4042304E+003, 0.0000000E+000,-3.3942765E+003, 2.4735595E+001,-1.6225654E+003,-3.2546413E-001, 1.7997562E+002, 0.0000000E+000, 6.2992512E+002, 5.9177422E+002, 0.0000000E+000, 1.2108863E-001, 0.0000000E+000, 3.3990583E+004
 1.0816412E+002, 5.4030703E+003, 0.0000000E+000,-3.4329596E+003,-1.4055054E+001,-1.6422596E+003,-3.2263835E-001, 1.5432343E+002, 0.0000000E+000, 5.1837449E+002, 4.6779682E+002, 0.0000000E+000, 1.2108863E-001, 0.0000000E+000, 3.4519614E+004
 1.1408590E+002, 5.3896502E+003, 0.0000000E+000,-3.5507253E+003, 7.9416644E+000,-1.6505171E+003,-3.2967570E-001, 1.0114037E+002, 0.0000000E+000, 3.3889979E+002, 2.9716017E+002, 0.0000000E+000, 1.2108863E-001, 0.0000000E+000, 3.4853966E+004
 1.2002756E+002, 5.4564545E+003, 0.0000000E+000,-3.5629186E+003,-5.7169839E+000,-1.6589412E+003,-3.2559098E-001, 1.2018891E+002, 0.0000000E+000, 3.9307409E+002, 3.4874109E+002, 0.0000000E+000, 1.2108863E-001, 0.0000000E+000, 3.5251788E+004
 1.2612698E+002, 5.3528969E+003, 0.0000000E+000,-3.5443175E+003,-1.9637168E+001,-1.6626011E+003,-3.1733985E-001, 8.5270667E+001, 0.0000000E+000, 2.6454789E+002, 2.1129443E+002, 0.0000000E+000, 1.2108863E-001, 0.0000000E+000, 3.5538409E+004
 1.3207430E+002, 5.3970737E+003, 0.0000000E+000,-3.6621431E+003, 3.2082150E+001,-1.6647741E+003,-3.2608346E-001, 5.6934880E+001, 0.0000000E+000, 1.8778496E+002, 1.5884744E+002, 0.0000000E+000, 1.2108863E-001, 0.0000000E+000, 3.5730254E+004
 1.3802161E+002, 5.3986127E+003, 0.0000000E+000,-3.7088705E+003,-2.5917863E+000,-1.6659275E+003,-3.1692896E-001, 3.5785836E+001, 0.0000000E+000, 1.0760321E+002, 5.6691795E+001, 0.0000000E+000, 1.2108863E-001, 0.0000000E+000, 3.5850029E+004
 1.4409914E+002, 5.3896664E+003, 0.0000000E+000,-3.6569679E+003,-3.0151341E+001,-1.6583952E+003,-3.1660767E-001, 5.7718123E+001, 0.0000000E+000, 1.5929339E+002, 1.0155352E+002, 0.0000000E+000, 1.2108863E-001, 0.0000000E+000, 3.6043318E+004
 1.5013335E+002, 5.4181703E+003, 0.0000000E+000,-3.7278384E+003, 1.0578202E+001,-1.6566037E+003,-3.2662000E-001, 4.2328876E+001, 0.0000000E+000, 1.1936752E+002, 8.6308629E+001, 0.0000000E+000, 1.2108863E-001, 0.0000000E+000, 3.6186695E+004
 1.5608060E+002, 5.3853803E+003, 0.0000000E+000,-3.6997714E+003,-1.6795137E+001,-1.6491126E+003,-3.2447958E-001, 4.5101874E+001, 0.0000000E+000, 1.1026292E+002, 6.4478650E+001, 0.0000000E+000, 1.2108863E-001, 0.0000000E+000, 3.6334865E+004
 1.6204333E+002, 5.4038414E+003, 0.0000000E+000,-3.7503317E+003, 1.2307639E+001,-1.6435861E+003,-3.2024663E-001, 3.3121461E+001, 0.0000000E+000, 9.4125836E+001, 5.5032421E+001, 0.0000000E+000, 1.2108863E-001, 0.0000000E+000, 3.6444324E+004
 1.6802312E+002, 5.3904187E+003, 0.0000000E+000,-3.7964707E+003, 1.9700018E+001,-1.6381686E+003,-3.1704920E-001, 1.1951864E+001, 0.0000000E+000, 2.3797786E+001,-1.2885819E+001, 0.0000000E+000, 1.2108863E-001, 0.0000000E+000, 3.6485873E+004
 1.7410612E+002, 5.4294741E+003, 0.0000000E+000,-3.7858447E+003,-7.6515169E+000,-1.6367848E+003,-3.1773582E-001, 3.0939816E+001, 0.0000000E+000, 7.8451641E+001, 2.9815117E+001, 0.0000000E+000, 1.2108863E-001, 0.0000000E+000, 3.6589082E+004
 1.8007863E+002, 5.3767435E+003, 0.0000000E+000,-3.8417625E+003, 2.2929255E+000,-1.6254414E+003,-3.1771623E-001,-7.0139532E+000, 0.0000000E+000,-5.4906116E+001,-9.5499200E+001, 0.0000000E+000, 1.2108863E-001, 0.0000000E+000, 3.6566994E+004
 1.8615150E+002, 5.3860088E+003, 0.0000000E+000,-3.8672979E+003,-1.7980256E+000,-1.6190178E+003,-3.1326519E-001,-8.3429286E+000, 0.0000000E+000,-6.3537851E+001,-1.1076109E+002, 0.0000000E+000, 1.2108863E-001, 0.0000000E+000, 3.6538484E+004
 1.9200476E+002, 5.3248149E+003, 0.0000000E+000,-3.8511729E+003, 2.3616284E+001,-1.5996717E+003,-3.2549188E-001,-1.7410400E+001, 0.0000000E+000,-8.2587758E+001,-1.2014929E+002, 0.0000000E+000, 1.2108863E-001, 0.0000000E+000, 3.6487590E+004
 1.9813882E+002, 5.2431575E+003, 0.0000000E+000,-3.8523360E+003, 1.9117527E+000,-1.5786664E+003,-3.1347742E-001,-3.8647772E+001, 0.0000000E+000,-1.8904647E+002,-2.2489441E+002, 0.0000000E+000, 1.2108863E-001, 0.0000000E+000, 3.6352255E+004
 2.0408281E+002, 5.2188604E+003, 0.0000000E+000,-3.7724845E+003,-1.4892628E+001,-1.5551911E+003,-3.1037288E-001,-1.0630304E+001, 0.0000000E+000,-9.8526674E+001,-1.3464847E+002, 0.0000000E+000, 1.2108863E-001, 0.0000000E+000, 3.6312688E+004
 2.1003857E+002, 4.6844567E+003, 0.0000000E+000,-3.6653663E+003, 4.9410856E+001,-1.5340417E+003,-3.1883123E-001,-1.5545017E+002, 0.0000000E+000,-5.8161196E+002,-6.2130940E+002, 0.0000000E+000, 1.2108863E-001, 0.0000000E+000, 3.5812796E+004
 2.1607219E+002, 5.3189050E+003, 0.0000000E+000,-3.6699756E+003,-3.3098116E+001,-1.4943391E+003,-3.1745208E-001, 7.5247912E+001, 0.0000000E+000, 2.1930345E+002, 1.9642268E+002, 0.0000000E+000, 1.2108863E-001, 0.0000000E+000, 3.6046904E+004
 2.2208336E+002, 5.0140060E+003, 0.0000000E+000,-3.6967868E+003, 2.2662659E+001,-1.5001292E+003,-3.1332195E-001,-3.7584151E+001, 0.0000000E+000,-1.6381391E+002,-1.9814480E+002, 0.0000000E+000, 1.2108863E-001, 0.0000000E+000, 3.5925568E+004
 2.2816382E+002, 4.8490988E+003, 0.0000000E+000,-3.5902961E+003, 5.1244597E+000,-1.4777372E+003,-3.1663207E-001,-5.2163962E+001, 0.0000000E+000,-2.2101230E+002,-2.6629065E+002, 0.0000000E+000, 1.2108863E-001, 0.0000000E+000, 3.5753819E+004
 2.3404372E+002, 4.2942979E+003, 0.0000000E+000,-3.3086876E+003, 1.1664954E+001,-1.4436406E+003,-3.1248573E-001,-1.3926380E+002, 0.0000000E+000,-5.5597303E+002,-5.8594171E+002, 0.0000000E+000, 1.2108863E-001, 0.0000000E+000, 3.5295599E+004
 2.4002879E+002, 4.3535852E+003, 0.0000000E+000,-3.2129267E+003,-4.6802323E+000,-1.4138732E+003,-2.9087938E-001,-7.3691022E+001, 0.0000000E+000,-3.0678110E+002,-3.5187687E+002, 0.0000000E+000, 1.2108863E-001, 0.0000000E+000, 3.5051294E+004
 2.4615790E+002, 4.1767062E+003, 0.0000000E+000,-3.1314878E+003,-1.1806182E+000,-1.3836458E+003,-2.9351938E-001,-9.9144545E+001, 0.0000000E+000,-4.0978585E+002,-4.3904607E+002, 0.0000000E+000, 1.2108863E-001, 0.0000000E+000, 3.4709900E+004
 2.5203787E+002, 4.3425133E+003, 0.0000000E+000,-3.1336926E+003,-1.8754445E+000,-1.3618970E+003,-2.7492457E-001,-2.5759839E+001, 0.0000000E+000,-1.2393677E+002,-1.8098655E+002, 0.0000000E+000, 1.2108863E-001, 0.0000000E+000, 3.4638480E+004
 2.5820535E+002, 3.9602199E+003, 0.0000000E+000,-2.9979449E+003,-1.5527364E+000,-1.3340000E+003,-2.9051298E-001,-1.1069917E+002, 0.0000000E+000,-4.6659366E+002,-4.8426748E+002, 0.0000000E+000, 1.2108863E-001, 0.0000000E+000, 3.4251841E+004
 2.6404147E+002, 3.8307030E+003, 0.0000000E+000,-2.9764135E+003, 6.4861426E+001,-1.3050147E+003,-3.1021422E-001,-1.3870351E+002, 0.0000000E+000,-5.1236144E+002,-5.2487738E+002, 0.0000000E+000, 1.2108863E-001, 0.0000000E+000, 3.3810528E+004
 2.7018353E+002, 4.0454107E+003, 0.0000000E+000,-2.8636413E+003,-2.1640361E+001,-1.2777341E+003,-2.7656805E-001,-8.8020681E+000, 0.0000000E+000,-8.6018560E+001,-1.2668378E+002, 0.0000000E+000, 1.2108863E-001, 0.0000000E+000, 3.3775518E+004
 2.7604324E+002, 4.0206167E+003, 0.0000000E+000,-2.8617462E+003,-1.1959730E+001,-1.2649462E+003,-2.7692202E-001,-1.6619525E+001, 0.0000000E+000,-1.0383512E+002,-1.3493188E+002, 0.0000000E+000, 1.2108863E-001, 0.0000000E+000, 3.3714931E+004
 2.8216422E+002, 3.7507563E+003, 0.0000000E+000,-2.8020787E+003, 2.1083094E+001,-1.2408525E+003,-2.8742887E-001,-8.0608245E+001, 0.0000000E+000,-3.2595292E+002,-3.5198750E+002, 0.0000000E+000, 1.2108863E-001, 0.0000000E+000, 3.3438811E+004
 2.8802603E+002, 4.0345637E+003, 0.0000000E+000,-2.7964528E+003,-1.7930417E+001,-1.2197429E+003,-2.7349719E-001, 3.0026322E+001, 0.0000000E+000, 6.3293082E+001, 3.0190445E+001, 0.0000000E+000, 1.2108863E-001, 0.0000000E+000, 3.3537072E+004
 2.9406116E+002, 3.4733478E+003, 0.0000000E+000,-2.6574118E+003, 9.2527161E+000,-1.2017551E+003,-2.7042679E-001,-1.1581996E+002, 0.0000000E+000,-4.5849096E+002,-4.9265682E+002, 0.0000000E+000, 1.2108863E-001, 0.0000000E+000, 3.3149950E+004
 3.0009586E+002, 3.5568467E+003, 0.0000000E+000,-2.6637920E+003, 5.6730683E+000,-1.1836835E+003,-2.8405457E-001,-8.1674779E+001, 0.0000000E+000,-3.1807915E+002,-3.6691453E+002, 0.0000000E+000, 1.2108863E-001, 0.0000000E+000, 3.2884500E+004
 3.0602881E+002, 3.3719340E+003, 0.0000000E+000,-2.5500632E+003, 1.8963297E+001,-1.1478842E+003,-2.9123471E-001,-9.7168318E+001, 0.0000000E+000,-3.7925181E+002,-4.0450960E+002, 0.0000000E+000, 1.2108863E-001, 0.0000000E+000, 3.2564426E+004
 3.1207111E+002, 3.1909129E+003, 0.0000000E+000,-2.4667248E+003, 1.7091493E+001,-1.1228427E+003,-2.8399750E-001,-1.2605474E+002, 0.0000000E+000,-4.9347018E+002,-5.0790186E+002, 0.0000000E+000, 1.2108863E-001, 0.0000000E+000, 3.2133474E+004
 3.1816220E+002, 3.2006273E+003, 0.0000000E+000,-2.3949946E+003,-3.2684181E+001,-1.1010293E+003,-2.6081809E-001,-8.3649115E+001, 0.0000000E+000,-3.6107356E+002,-4.1199077E+002, 0.0000000E+000, 1.2108863E-001, 0.0000000E+000, 3.1852951E+004
 3.2403369E+002, 3.3083322E+003, 0.0000000E+000,-2.4246525E+003,-1.3228056E+001,-1.0843859E+003,-2.7217738E-001,-5.3220475E+001, 0.0000000E+000,-2.2088721E+002,-2.6742684E+002, 0.0000000E+000, 1.2108863E-001, 0.0000000E+000, 3.1684304E+004
 3.3014966E+002, 3.1937033E+003, 0.0000000E+000,-2.3723336E+003, 9.8621125E+000,-1.0667344E+003,-2.7416215E-001,-6.6934656E+001, 0.0000000E+000,-2.8930228E+002,-3.0271137E+002, 0.0000000E+000, 1.2108863E-001, 0.0000000E+000, 3.1452171E+004
 3.3607663E+002, 2.6031570E+003, 0.0000000E+000,-2.1713366E+003, 3.5929132E+001,-1.0366576E+003,-2.9002037E-001,-1.9683419E+002, 0.0000000E+000,-7.3804518E+002,-7.6603219E+002, 0.0000000E+000, 1.2108863E-001, 0.0000000E+000, 3.0812314E+004
 3.4203217E+002, 2.2804119E+003, 0.0000000E+000,-1.9842331E+003, 2.2637543E+001,-9.8895966E+002,-2.7629262E-001,-2.3382899E+002, 0.0000000E+000,-8.5837995E+002,-9.0424858E+002, 0.0000000E+000, 1.2108863E-001, 0.0000000E+000, 3.0048545E+004
 3.4814740E+002, 2.2076083E+003, 0.0000000E+000,-1.8716996E+003, 1.1331670E+001,-9.3998724E+002,-2.6222665E-001,-2.1230377E+002, 0.0000000E+000,-8.5004419E+002,-8.0531293E+002, 0.0000000E+000, 1.2108863E-001, 0.0000000E+000, 2.9292370E+004
 3.5411896E+002, 2.6895175E+003, 0.0000000E+000,-1.9204312E+003,-2.3554500E+001,-9.3289010E+002,-2.6446835E-001,-2.9256302E+001, 0.0000000E+000,-1.1858222E+002,-2.1687913E+002, 0.0000000E+000, 1.2108863E-001, 0.0000000E+000, 2.9225494E+004
 3.6012192E+002, 1.8407481E+003, 0.0000000E+000,-1.6135994E+003, 3.6755280E+001,-8.9769627E+002,-2.5498108E-001,-2.2265534E+002, 0.0000000E+000,-8.3387218E+002,-8.5670266E+002, 0.0000000E+000, 1.2108863E-001, 0.0000000E+000, 2.8494897E+004
 3.6612488E+002, 1.9463293E+003, 0.0000000E+000,-1.6295613E+003, 1.7857765E+001,-8.4927418E+002,-2.5185324E-001,-1.8682218E+002, 0.0000000E+000,-7.3263836E+002,-7.0172240E+002, 0.0000000E+000, 1.2108863E-001, 0.0000000E+000, 2.7845186E+004
 3.7202005E+002, 2.5231197E+003, 0.0000000E+000,-1.7873821E+003,-2.7195976E+001,-8.3911378E+002,-2.6889969E-001,-1.7428903E+001, 0.0000000E+000,-9.3480274E+001,-1.4827000E+002, 0.0000000E+000, 1.2108863E-001, 0.0000000E+000, 2.7795225E+004
 3.7807343E+002, 1.6505465E+003, 0.0000000E+000,-1.4659223E+003, 2.5560423E+001,-8.1024421E+002,-2.6586674E-001,-2.1206509E+002, 0.0000000E+000,-7.9981394E+002,-8.1239053E+002, 0.0000000E+000, 1.2108863E-001, 0.0000000E+000, 2.7082393E+004
 3.8424615E+002, 1.4768556E+003, 0.0000000E+000,-1.3761229E+003, 1.4314113E+001,-7.6001875E+002,-2.5874837E-001,-2.2132496E+002, 0.0000000E+000,-8.2158400E+002,-8.6655568E+002, 0.0000000E+000, 1.2108863E-001, 0.0000000E+000, 2.6337444E+004
 3.9026370E+002, 1.7139241E+003, 0.0000000E+000,-1.3532232E+003,-8.2867078E-001,-7.2512246E+002,-2.5181000E-001,-1.3062929E+002, 0.0000000E+000,-5.5581435E+002,-4.9613127E+002, 0.0000000E+000, 1.2108863E-001, 0.0000000E+000, 2.5857087E+004
 3.9604379E+002, 1.4251550E+003, 0.0000000E+000,-1.2122551E+003, 3.3122902E+001,-7.0704089E+002,-2.5967508E-001,-1.5670299E+002, 0.0000000E+000,-5.6002905E+002,-6.1798080E+002, 0.0000000E+000, 1.2108863E-001, 0.0000000E+000, 2.5378598E+004
 4.0205823E+002, 1.7747502E+003, 0.0000000E+000,-1.3402033E+003,-4.2561937E+001,-6.7681844E+002,-2.3760985E-001,-7.5168439E+001, 0.0000000E+000,-3.3642039E+002,-3.6023950E+002, 0.0000000E+000, 1.2108863E-001, 0.0000000E+000, 2.5121140E+004
 4.0810104E+002, 1.6865282E+003, 0.0000000E+000,-1.2771251E+003, 4.1202447E+000,-6.6732002E+002,-2.4319938E-001,-8.0262842E+001, 0.0000000E+000,-3.2599831E+002,-3.3430271E+002, 0.0000000E+000, 1.2108863E-001, 0.0000000E+000, 2.4843711E+004
 4.1417126E+002, 1.0571396E+003, 0.0000000E+000,-1.0530550E+003, 3.7887436E+001,-6.4222318E+002,-2.5167886E-001,-2.1128812E+002, 0.0000000E+000,-7.6657282E+002,-8.1179092E+002, 0.0000000E+000, 1.2108863E-001, 0.0000000E+000, 2.4156434E+004
 4.2025256E+002, 5.0202336E+002, 0.0000000E+000,-8.8462018E+002, 4.9102505E+001,-5.8832201E+002,-2.4306720E-001,-3.4580083E+002, 0.0000000E+000,-1.2673619E+003,-1.2678602E+003, 0.0000000E+000, 1.2108863E-001, 0.0000000E+000, 2.2985550E+004
 4.2609637E+002, 9.0134149E+002, 0.0000000E+000,-9.3064421E+002,-1.4581425E+001,-5.3864066E+002,-2.2543976E-001,-2.1170037E+002, 0.0000000E+000,-8.8245014E+002,-7.9445062E+002, 0.0000000E+000, 1.2108863E-001, 0.0000000E+000, 2.2245699E+004
 4.3200769E+002, 1.7581576E+003, 0.0000000E+000,-1.0950345E+003,-4.5894321E+001,-5.2804892E+002,-2.3122459E-001, 6.8772029E+001, 0.0000000E+000, 2.3607143E+002, 1.5772063E+002, 0.0000000E+000, 1.2108863E-001, 0.0000000E+000, 2.2488268E+004
 4.3821548E+002, 1.6851671E+003, 0.0000000E+000,-1.0705258E+003, 6.3462132E+000,-5.5098794E+002,-2.3553162E-001, 4.0592106E+001, 0.0000000E+000, 1.3708443E+002, 1.1035605E+002, 0.0000000E+000, 1.2108863E-001, 0.0000000E+000, 2.2633307E+004
 4.4425598E+002, 1.2767081E+003, 0.0000000E+000,-1.0349210E+003, 1.4337538E+001,-5.3974279E+002,-2.2618293E-001,-9.2151182E+001, 0.0000000E+000,-3.5583297E+002,-3.7599554E+002, 0.0000000E+000, 1.2108863E-001, 0.0000000E+000, 2.2330808E+004
 4.5016354E+002, 1.2061748E+003, 0.0000000E+000,-9.5419788E+002, 5.9312749E+001,-5.2411822E+002,-2.3197085E-001,-8.8273469E+001, 0.0000000E+000,-3.2793937E+002,-3.0133397E+002, 0.0000000E+000, 1.2108863E-001, 0.0000000E+000, 2.2019298E+004
 4.5610876E+002, 1.9214611E+003, 0.0000000E+000,-1.1638259E+003,-3.8861914E+001,-5.2836691E+002,-2.2259825E-001, 1.0015250E+002, 0.0000000E+000, 2.9571081E+002, 2.9033628E+002, 0.0000000E+000, 1.2108863E-001, 0.0000000E+000, 2.2340289E+004
 4.6218488E+002, 2.0052864E+003, 0.0000000E+000,-1.2887594E+003,-3.0515222E+000,-5.6154674E+002,-2.5438647E-001, 7.7023357E+001, 0.0000000E+000, 2.7416965E+002, 2.2869775E+002, 0.0000000E+000, 1.2108863E-001, 0.0000000E+000, 2.2616499E+004
 4.6803452E+002, 1.0171635E+003, 0.0000000E+000,-1.0516989E+003, 4.4557416E+001,-5.5694833E+002,-2.0954221E-001,-2.0332180E+002, 0.0000000E+000,-7.5225592E+002,-7.5045761E+002, 0.0000000E+000, 1.2108863E-001, 0.0000000E+000, 2.1955104E+004
 4.7411777E+002, 9.8726910E+002, 0.0000000E+000,-9.3560333E+002, 9.4071124E+000,-5.2111035E+002,-2.1724876E-001,-1.5759455E+002, 0.0000000E+000,-6.1591646E+002,-6.1784926E+002, 0.0000000E+000, 1.2108863E-001, 0.0000000E+000, 2.1414306E+004
 4.8022025E+002, 1.0743957E+003, 0.0000000E+000,-8.5935897E+002,-3.0143760E+001,-4.9338042E+002,-2.0955888E-001,-8.8664744E+001, 0.0000000E+000,-3.8013622E+002,-3.9736174E+002, 0.0000000E+000, 1.2108863E-001, 0.0000000E+000, 2.1107740E+004
 4.8602289E+002, 1.4097023E+003, 0.0000000E+000,-1.0107947E+003,-5.7546095E+000,-4.8259770E+002,-2.0654080E-001,-1.5917059E+001, 0.0000000E+000,-8.9570319E+001,-1.0556837E+002, 0.0000000E+000, 1.2108863E-001, 0.0000000E+000, 2.1054051E+004
 4.9203442E+002, 1.2726557E+003, 0.0000000E+000,-9.5644769E+002, 9.8708343E+000,-4.8164391E+002,-2.0414835E-001,-4.6738585E+001, 0.0000000E+000,-1.8006776E+002,-2.0250777E+002, 0.0000000E+000, 1.2108863E-001, 0.0000000E+000, 2.0901856E+004
 4.9821335E+002, 1.3468476E+003, 0.0000000E+000,-1.0070820E+003, 6.2720141E+000,-4.7004548E+002,-2.1597531E-001,-3.5908592E+001, 0.0000000E+000,-1.6755621E+002,-1.6013243E+002, 0.0000000E+000, 1.2108863E-001, 0.0000000E+000, 2.0767727E+004
 5.0401212E+002, 9.3827789E+002, 0.0000000E+000,-8.2171232E+002,-1.2557202E+001,-4.6414829E+002,-2.0242381E-001,-1.1428829E+002, 0.0000000E+000,-4.5092638E+002,-4.7463064E+002, 0.0000000E+000, 1.2108863E-001, 0.0000000E+000, 2.0400311E+004
 5.1017725E+002, 1.1058846E+003, 0.0000000E+000,-8.4671646E+002,-3.8655066E+000,-4.4489039E+002,-2.0523026E-001,-5.1724864E+001, 0.0000000E+000,-2.0854165E+002,-2.4151781E+002, 0.0000000E+000, 1.2108863E-001, 0.0000000E+000, 2.0232396E+004
 5.1622845E+002, 1.1841822E+003, 0.0000000E+000,-8.4807098E+002, 4.4641230E-001,-4.3920782E+002,-2.0448080E-001,-2.8010618E+001, 0.0000000E+000,-1.3716001E+002,-1.3086529E+002, 0.0000000E+000, 1.2108863E-001, 0.0000000E+000, 2.0125669E+004
 5.2222302E+002, 1.0246771E+003, 0.0000000E+000,-8.1460117E+002,-2.8729525E+001,-4.2964004E+002,-2.0116743E-001,-6.6932726E+001, 0.0000000E+000,-2.9540926E+002,-3.1542752E+002, 0.0000000E+000, 1.2108863E-001, 0.0000000E+000, 1.9902718E+004
 5.2812708E+002, 1.2111592E+003, 0.0000000E+000,-8.6548821E+002, 6.6366228E+000,-4.2171345E+002,-2.0967451E-001,-1.3367550E+001, 0.0000000E+000,-6.8241948E+001,-8.2983080E+001, 0.0000000E+000, 1.2108863E-001, 0.0000000E+000, 1.9859578E+004
 5.3407837E+002, 1.2648506E+003, 0.0000000E+000,-8.5268235E+002,-1.6105886E+001,-4.2164009E+002,-2.1763465E-001, 1.0280961E+001, 0.0000000E+000,-5.0965722E+000,-1.5514424E+001, 0.0000000E+000, 1.2108863E-001, 0.0000000E+000, 1.9891996E+004
 5.4014874E+002, 9.2669193E+002, 0.0000000E+000,-7.9070154E+002, 1.6309121E+001,-4.2012115E+002,-2.1146008E-001,-9.0745254E+001, 0.0000000E+000,-3.4636149E+002,-3.5877836E+002, 0.0000000E+000, 1.2108863E-001, 0.0000000E+000, 1.9587571E+004
 5.4602368E+002, 1.1572979E+003, 0.0000000E+000,-8.4743344E+002, 1.5276756E+001,-4.0871093E+002,-2.0315893E-001,-2.3760726E+001, 0.0000000E+000,-1.1295663E+002,-1.0753362E+002, 0.0000000E+000, 1.2108863E-001, 0.0000000E+000, 1.9501244E+004
 5.5220996E+002, 9.5277367E+002, 0.0000000E+000,-7.3947831E+002, 5.8610060E-001,-4.0608634E+002,-2.0744583E-001,-5.3947848E+001, 0.0000000E+000,-2.1722913E+002,-2.4636018E+002, 0.0000000E+000, 1.2108863E-001, 0.0000000E+000, 1.9325681E+004
 5.5805249E+002, 1.1211640E+003, 0.0000000E+000,-7.8449904E+002,-3.3443417E-001,-3.9401209E+002,-2.1155565E-001,-1.0990364E+001, 0.0000000E+000,-7.9542145E+001,-6.8883512E+001, 0.0000000E+000, 1.2108863E-001, 0.0000000E+000, 1.9278800E+004
 5.6409882E+002, 9.5970254E+002, 0.0000000E+000,-7.5914650E+002,-1.2260447E+001,-3.9175454E+002,-2.0419924E-001,-5.2863973E+001, 0.0000000E+000,-2.1501565E+002,-2.5652712E+002, 0.0000000E+000, 1.2108863E-001, 0.0000000E+000, 1.9113439E+004
 5.7025092E+002, 8.1178022E+002, 0.0000000E+000,-6.8777823E+002, 1.5282366E+001,-3.7878252E+002,-2.0331859E-001,-8.1625074E+001, 0.0000000E+000,-3.1382568E+002,-3.2132656E+002, 0.0000000E+000, 1.2108863E-001, 0.0000000E+000, 1.8830316E+004
 5.7607300E+002, 1.0400439E+003, 0.0000000E+000,-7.7455305E+002,-9.8675332E+000,-3.7116882E+002,-2.0155813E-001,-2.2200677E+001, 0.0000000E+000,-1.1919020E+002,-1.3794778E+002, 0.0000000E+000, 1.2108863E-001, 0.0000000E+000, 1.8760306E+004
 5.8218707E+002, 7.3276639E+002, 0.0000000E+000,-6.0642355E+002,-1.9781274E+000,-3.6274730E+002,-2.0215749E-001,-7.8279179E+001, 0.0000000E+000,-3.2930168E+002,-3.1686392E+002, 0.0000000E+000, 1.2108863E-001, 0.0000000E+000, 1.8479947E+004
 5.8828851E+002, 1.0307026E+003, 0.0000000E+000,-7.5704069E+002,-3.5872047E+000,-3.5256378E+002,-2.0551286E-001,-1.0306660E+001, 0.0000000E+000,-6.3842590E+001,-9.3001246E+001, 0.0000000E+000, 1.2108863E-001, 0.0000000E+000, 1.8454704E+004
 5.9404340E+002, 6.8700865E+002, 0.0000000E+000,-5.8664961E+002, 1.2912171E+001,-3.5114025E+002,-1.9817108E-001,-7.6700985E+001, 0.0000000E+000,-2.9078557E+002,-3.1476819E+002, 0.0000000E+000, 1.2108863E-001, 0.0000000E+000, 1.8216889E+004
 6.0000000E+002, 6.2883292E+002, 0.0000000E+000,-6.9647712E+002, 3.1794349E+001,-3.3395913E+002,-1.8871486E-001,-1.3150281E+002, 0.0000000E+000,-4.9867022E+002,-5.0150049E+002, 0.0000000E+000, 1.2108863E-001, 0.0000000E+000, 1.7777709E+004
